2:1101:2122:2155,True
2:1101:1257:2168,True
2:1101:4734:2141,True
2:1101:2169:2081,True
2:1101:2672:2141,True
2:1101:5183:2192,True
2:1101:2744:2032,True
2:1101:1816:2211,True
2:1101:4145:2216,True
2:1101:5207:2145,True
2:1101:4868:2116,True
2:1101:3183:2154,True
2:1101:1209:2029,True
2:1101:2917:2117,True
2:1101:5140:2181,True
2:1101:4835:2244,True
2:1101:3198:2135,True
2:1101:4150:2239,True
2:1101:4925:2032,True
2:1101:3550:2127,True
2:1101:1700:2227,True
2:1101:3272:2084,True
2:1101:5140:2204,True
2:1101:4023:2070,True
2:1101:5249:2225,True
2:1101:1659:2030,True
2:1101:5003:2131,True
2:1101:4002:2102,True
2:1101:4404:2139,True
2:1101:4961:2232,True
2:1101:4177:2072,True
2:1101:2079:2131,True
2:1101:1414:2243,True
2:1101:3440:2151,True
2:1101:2166:2186,True
2:1101:3666:2039,True
2:1101:3144:2133,True
2:1101:4527:2175,True
2:1101:2506:2197,True
2:1101:4043:2105,True
2:1101:1939:2190,True
2:1101:2053:2067,True
2:1101:2064:2043,True
2:1101:5120:2134,True
2:1101:2489:2069,True
2:1101:4818:2141,True
2:1101:4742:2160,True
2:1101:1887:2048,True
2:1101:1972:2078,True
2:1101:4919:2183,True
2:1101:2709:2172,True
2:1101:1319:2140,True
2:1101:3684:2071,True
2:1101:4345:2131,True
2:1101:5203:2181,True
2:1101:4511:2097,True
2:1101:2150:2130,True
2:1101:2472:2115,True
2:1101:4594:2248,True
2:1101:1378:2230,True
2:1101:3912:2217,True
2:1101:4231:2074,True
2:1101:2101:2102,True
2:1101:1330:2243,True
2:1101:4739:2121,True
2:1101:3565:2176,True
2:1101:2792:2161,True
2:1101:3902:2064,True
2:1101:1491:2179,True
2:1101:2166:2107,True
2:1101:2795:2138,True
2:1101:2105:2209,True
2:1101:4392:2221,True
2:1101:1711:2210,True
2:1101:3117:2131,True
2:1101:2613:2110,True
2:1101:1238:2172,True
2:1101:2894:2127,True
2:1101:2281:2210,True
2:1101:3976:2028,True
2:1101:2009:2246,True
2:1101:4964:2052,True
2:1101:4791:2035,True
2:1101:1409:2081,True
2:1101:2894:2054,True
2:1101:2556:2150,True
2:1101:4096:2200,True
2:1101:4411:2109,True
2:1101:2761:2143,True
2:1101:1758:2237,True
2:1101:1231:2150,True
2:1101:4054:2151,True
2:1101:3333:2080,True
2:1101:1155:2189,True
2:1101:1280:2165,True
2:1101:4012:2237,True
2:1101:2062:2092,True
2:1101:1248:2214,True
2:1101:1424:2214,True
2:1101:1202:2206,True
2:1101:3736:2027,True
2:1101:5103:2041,True
2:1101:3446:2245,True
2:1101:2974:2076,True
2:1101:1541:2175,True
2:1101:1770:2139,True
2:1101:1827:2176,True
2:1101:4428:2036,True
2:1101:5136:2041,True
2:1101:1969:2180,True
2:1101:3531:2037,True
2:1101:3618:2029,True
2:1101:1334:2077,True
2:1101:3518:2167,True
2:1101:3171:2142,True
2:1101:5000:2102,True
2:1101:1163:2150,False
2:1101:2897:2153,True
2:1101:3762:2183,True
2:1101:1986:2230,True
2:1101:4776:2148,True
2:1101:4373:2072,True
2:1101:3972:2075,True
2:1101:2670:2091,True
2:1101:4760:2106,True
2:1101:5178:2094,True
2:1101:5171:2124,True
2:1101:3520:2244,True
2:1101:5042:2153,True
2:1101:3094:2125,True
2:1101:3272:2145,True
2:1101:5340:2049,True
2:1101:2944:2102,True
2:1101:1643:2064,True
2:1101:2859:2196,True
2:1101:3084:2174,True
2:1101:3155:2182,True
2:1101:3794:2244,True
2:1101:1685:2142,True
2:1101:3076:2234,True
2:1101:2983:2187,True
2:1101:2346:2145,True
2:1101:4511:2151,True
2:1101:2220:2203,True
2:1101:4039:2191,True
2:1101:2268:2042,True
2:1101:5282:2053,True
2:1101:4268:2236,True
2:1101:1462:2039,True
2:1101:1537:2208,True
2:1101:4628:2219,True
2:1101:3862:2124,True
2:1101:1932:2161,True
2:1101:1477:2240,True
2:1101:2425:2060,True
2:1101:4370:2238,True
2:1101:3508:2029,True
2:1101:4899:2039,True
2:1101:3495:2239,True
2:1101:4017:2039,True
2:1101:2998:2233,True
2:1101:2551:2036,True
2:1101:5024:2137,True
2:1101:4464:2050,True
2:1101:4784:2053,True
2:1101:3889:2120,True
2:1101:2376:2096,True
2:1101:5084:2170,True
2:1101:2766:2050,False
2:1101:2758:2087,True
2:1101:4335:2076,True
2:1101:4911:2242,True
2:1101:1400:2043,True
2:1101:2808:2213,True
2:1101:2887:2214,True
2:1101:3999:2054,True
2:1101:1453:2140,True
2:1101:4323:2249,True
2:1101:4404:2037,True
2:1101:1783:2173,True
2:1101:1887:2178,True
2:1101:2115:2066,True
2:1101:2843:2057,True
2:1101:3534:2107,True
2:1101:2438:2105,True
2:1101:5209:2083,True
2:1101:2318:2062,True
2:1101:1674:2195,True
2:1101:1479:2089,True
2:1101:4761:2032,True
2:1101:1888:2089,True
2:1101:4381:2128,True
2:1101:3070:2190,True
2:1101:3198:2245,True
2:1101:4267:2161,True
2:1101:2322:2213,True
2:1101:2774:2167,True
2:1101:4529:2115,True
2:1101:1306:2109,True
2:1101:2426:2243,True
2:1101:3032:2093,True
2:1101:3755:2081,True
2:1101:5349:2030,True
2:1101:1391:2100,True
2:1101:5027:2055,True
2:1101:3074:2067,True
2:1101:2098:2249,True
2:1101:4386:2200,True
2:1101:2985:2208,True
2:1101:4236:2114,True
2:1101:2737:2226,False
2:1101:1805:2123,True
2:1101:4104:2249,True
2:1101:3559:2052,True
2:1101:1665:2093,True
2:1101:1801:2153,True
2:1101:2644:2194,True
2:1101:2111:2124,True
2:1101:1517:2141,True
2:1101:2726:2048,True
2:1101:2236:2182,True
2:1101:1624:2090,True
2:1101:4981:2173,True
2:1101:3296:2230,True
2:1101:1755:2181,True
2:1101:3786:2113,True
2:1101:2744:2051,True
2:1101:3648:2159,True
2:1101:1291:2041,True
2:1101:1358:2101,True
2:1101:2863:2163,True
2:1101:4613:2187,True
2:1101:1988:2034,True
2:1101:4015:2127,True
2:1101:3808:2057,True
2:1101:1417:2144,True
2:1101:2859:2146,True
2:1101:1136:2135,True
2:1101:3062:2080,True
2:1101:4615:2157,True
2:1101:2062:2210,True
2:1101:3954:2240,True
2:1101:1744:2101,True
2:1101:4047:2060,True
2:1101:2662:2111,True
2:1101:1684:2048,True
2:1101:3198:2212,True
2:1101:4127:2225,True
2:1101:4216:2091,True
2:1101:5164:2146,True
2:1101:1972:2054,True
2:1101:4865:2204,True
2:1101:3958:2104,True
2:1101:4570:2107,True
2:1101:4541:2143,True
2:1101:3199:2154,True
2:1101:2665:2183,True
2:1101:4957:2179,True
2:1101:1440:2032,True
2:1101:4337:2056,True
2:1101:2343:2070,True
2:1101:2762:2173,True
2:1101:2371:2073,True
2:1101:3391:2101,True
2:1101:1633:2231,True
2:1101:3176:2187,True
2:1101:1287:2250,True
2:1101:5089:2232,True
2:1101:3636:2129,True
2:1101:1787:2079,True
2:1101:1657:2047,True
2:1101:1218:2166,False
2:1101:4690:2090,True
2:1101:3526:2209,True
2:1101:3711:2205,True
2:1101:3743:2167,True
2:1101:3573:2239,True
2:1101:1195:2138,True
2:1101:1919:2062,True
2:1101:3394:2189,True
2:1101:3124:2153,True
2:1101:2210:2070,True
2:1101:2215:2042,True
2:1101:3287:2209,True
2:1101:1463:2117,True
2:1101:3762:2054,True
2:1101:4853:2188,True
2:1101:2136:2094,True
2:1101:1890:2237,True
2:1101:2376:2118,True
2:1101:2485:2125,True
2:1101:4798:2195,True
2:1101:2836:2242,True
2:1101:3484:2182,True
2:1101:3272:2241,True
2:1101:4927:2160,True
2:1101:2551:2176,True
2:1101:3041:2057,True
2:1101:2419:2119,True
2:1101:3537:2086,True
2:1101:4340:2032,True
2:1101:2936:2213,True
2:1101:4810:2052,True
2:1101:1452:2173,True
2:1101:4588:2029,True
2:1101:3313:2241,True
2:1101:5214:2241,True
2:1101:1395:2065,True
2:1101:2021:2139,True
2:1101:4403:2165,True
2:1101:2459:2233,True
2:1101:2646:2225,True
2:1101:4083:2154,True
2:1101:2399:2215,True
2:1101:4824:2108,True
2:1101:1582:2216,True
2:1101:1874:2246,True
2:1101:4596:2124,True
2:1101:4809:2081,True
2:1101:4868:2039,True
2:1101:1830:2094,True
2:1101:3487:2123,True
2:1101:4596:2172,True
2:1101:2775:2107,True
2:1101:4849:2122,True
2:1101:3851:2060,True
2:1101:3889:2049,True
2:1101:3039:2138,True
2:1101:1233:2100,True
2:1101:5053:2141,True
2:1101:1818:2029,True
2:1101:4205:2202,True
2:1101:2443:2128,True
2:1101:3679:2190,True
2:1101:4643:2142,True
2:1101:2857:2116,True
2:1101:4247:2132,True
2:1101:3210:2084,True
2:1101:5187:2034,True
2:1101:2375:2045,True
2:1101:2782:2140,True
2:1101:1313:2200,True
2:1101:3529:2143,True
2:1101:2552:2201,True
2:1101:2073:2234,True
2:1101:2934:2041,True
2:1101:4014:2212,True
2:1101:4430:2207,True
2:1101:2546:2116,True
2:1101:3466:2120,True
2:1101:2701:2035,True
2:1101:4708:2029,True
2:1101:3923:2040,True
2:1101:4193:2139,True
2:1101:2612:2027,True
2:1101:1883:2108,True
2:1101:3251:2221,True
2:1101:4193:2121,True
2:1101:2974:2227,True
2:1101:3459:2034,True
2:1101:3387:2160,True
2:1101:3877:2241,True
2:1101:1664:2068,True
2:1101:2217:2247,True
2:1101:3787:2130,True
2:1101:3953:2202,True
2:1101:3077:2213,True
2:1101:3420:2041,True
2:1101:4657:2199,True
2:1101:3593:2061,True
2:1101:3867:2039,True
2:1101:1927:2209,True
2:1101:4359:2059,True
2:1101:4637:2096,True
2:1101:2307:2242,True
2:1101:4699:2114,True
2:1101:2105:2168,True
2:1101:3877:2166,True
2:1101:3825:2192,True
2:1101:1876:2197,True
2:1101:3584:2144,True
2:1101:2283:2133,True
2:1101:2316:2042,True
2:1101:3311:2203,True
2:1101:1304:2152,True
2:1101:1987:2209,True
2:1101:2222:2168,True
2:1101:4260:2102,True
2:1101:4431:2185,True
2:1101:3545:2174,True
2:1101:2000:2148,True
2:1101:3121:2173,True
2:1101:5156:2030,True
2:1101:4476:2195,True
2:1101:4420:2059,True
2:1101:2481:2153,True
2:1101:4182:2154,True
2:1101:2732:2118,True
2:1101:5045:2215,True
2:1101:1164:2031,True
2:1101:2244:2046,True
2:1101:3034:2198,True
2:1101:3290:2158,True
2:1101:3508:2127,True
2:1101:2241:2076,True
2:1101:3503:2059,True
2:1101:2658:2054,True
2:1101:2004:2204,True
2:1101:2919:2156,False
2:1101:5122:2204,True
2:1101:2513:2094,True
2:1101:3757:2153,True
2:1101:1602:2087,True
2:1101:3190:2198,True
2:1101:3973:2194,True
2:1101:4168:2035,True
2:1101:3042:2176,True
2:1101:3717:2035,True
2:1101:4762:2244,True
2:1101:4632:2170,True
2:1101:4268:2201,True
2:1101:5040:2183,True
2:1101:5257:2029,True
2:1101:3117:2034,True
2:1101:4846:2154,True
2:1101:2931:2076,True
2:1101:4115:2141,True
2:1101:3092:2075,True
2:1101:3603:2088,True
2:1101:3760:2030,True
2:1101:1535:2230,True
2:1101:4894:2230,True
2:1101:3288:2179,True
2:1101:4164:2186,True
2:1101:2594:2231,True
2:1101:3768:2141,True
2:1101:1990:2101,True
2:1101:1671:2120,True
2:1101:2792:2043,True
2:1101:2693:2130,True
2:1101:5004:2151,True
2:1101:2961:2206,True
2:1101:1375:2189,True
2:1101:1616:2134,True
2:1101:2240:2228,True
2:1101:3106:2185,True
2:1101:3970:2147,True
2:1101:2316:2163,True
2:1101:1303:2081,True
2:1101:4226:2160,True
2:1101:1516:2047,True
2:1101:2085:2196,True
2:1101:1474:2209,True
2:1101:2000:2068,True
2:1101:3947:2215,True
2:1101:4294:2085,True
2:1101:1229:2230,True
2:1101:5202:2215,True
2:1101:2026:2201,True
2:1101:5104:2167,True
2:1101:2486:2182,True
2:1101:2773:2237,True
2:1101:2284:2234,True
2:1101:2830:2213,True
2:1101:3685:2029,True
2:1101:2909:2030,True
2:1101:2418:2143,True
2:1101:4612:2137,True
2:1101:4341:2112,True
2:1101:5242:2050,True
2:1101:3822:2095,True
2:1101:3012:2219,True
2:1101:3344:2123,True
2:1101:1403:2177,True
2:1101:4931:2077,True
2:1101:1450:2209,False
2:1101:1478:2034,True
2:1101:3135:2184,True
2:1101:3696:2052,True
2:1101:3788:2185,True
2:1101:3428:2071,True
2:1101:3273:2044,True
2:1101:5081:2198,True
2:1101:1967:2200,True
2:1101:2272:2105,True
2:1101:2813:2195,True
2:1101:5238:2099,True
2:1101:3977:2172,True
2:1101:2539:2139,True
2:1101:5247:2174,True
2:1101:2788:2227,True
2:1101:4070:2075,True
2:1101:4756:2183,True
2:1101:3380:2086,True
2:1101:2498:2226,True
2:1101:3588:2161,True
2:1101:2753:2208,True
2:1101:3684:2156,True
2:1101:5020:2247,True
2:1101:3445:2098,True
2:1101:4667:2068,True
2:1101:2809:2157,True
2:1101:3482:2085,True
2:1101:3043:2225,True
2:1101:4350:2093,True
2:1101:4328:2159,True
2:1101:3092:2216,True
2:1101:4562:2033,True
2:1101:1634:2156,True
2:1101:1767:2100,True
2:1101:4263:2070,True
2:1101:3726:2240,True
2:1101:5467:2066,False
2:1101:2615:2200,True
2:1101:4451:2228,True
2:1101:4483:2051,True
2:1101:4692:2062,True
2:1101:1978:2144,True
2:1101:1515:2210,True
2:1101:1241:2049,True
2:1101:4803:2159,True
2:1101:2444:2043,True
2:1101:1639:2137,True
2:1101:2095:2229,True
2:1101:5422:2030,True
2:1101:3808:2140,True
2:1101:1377:2045,True
2:1101:1523:2071,True
2:1101:1957:2229,True
2:1101:1660:2215,True
2:1101:3680:2126,True
2:1101:4828:2182,True
2:1101:5056:2198,True
2:1101:5218:2038,True
2:1101:3707:2184,True
2:1101:3335:2041,True
2:1101:1769:2199,True
2:1101:1207:2079,True
2:1101:3736:2072,True
2:1101:2299:2180,True
2:1101:3782:2215,True
2:1101:4060:2130,True
2:1101:3866:2096,True
2:1101:1266:2091,True
2:1101:4568:2137,True
2:1101:3868:2214,True
2:1101:4102:2066,True
2:1101:4891:2095,True
2:1101:2197:2035,True
2:1101:1264:2037,True
2:1101:2006:2170,True
2:1101:3332:2225,True
2:1101:2078:2031,True
2:1101:3640:2036,True
2:1101:4537:2075,True
2:1101:3242:2104,True
2:1101:2634:2140,True
2:1101:1682:2165,True
2:1101:4988:2139,True
2:1101:4496:2031,True
2:1101:2881:2235,True
2:1101:1555:2045,True
2:1101:2237:2118,True
2:1101:1697:2246,True
2:1101:2708:2204,True
2:1101:4694:2242,True
2:1101:4650:2239,True
2:1101:3351:2160,True
2:1101:1418:2030,True
2:1101:4775:2207,True
2:1101:3986:2232,True
2:1101:3626:2226,True
2:1101:3293:2071,True
2:1101:1255:2190,True
2:1101:4114:2030,True
2:1101:2912:2185,True
2:1101:4301:2190,True
2:1101:2215:2096,True
2:1101:2112:2237,True
2:1101:2689:2107,True
2:1101:5228:2059,True
2:1101:1706:2047,True
2:1101:3138:2243,True
2:1101:2237:2158,True
2:1101:4824:2030,True
2:1101:1929:2233,True
2:1101:3828:2223,True
2:1101:3032:2027,True
2:1101:4242:2230,True
2:1101:4138:2135,True
2:1101:2261:2191,True
2:1101:4996:2082,True
2:1101:3729:2092,True
2:1101:1629:2120,True
2:1101:3837:2137,True
2:1101:3110:2112,True
2:1101:3844:2187,True
2:1101:4186:2210,True
2:1101:4751:2058,True
2:1101:1298:2231,True
2:1101:4499:2235,True
2:1101:1960:2130,True
2:1101:2574:2238,True
2:1101:4301:2045,True
2:1101:4018:2192,True
2:1101:3237:2145,True
2:1101:5062:2114,True
2:1101:4063:2187,True
2:1101:1540:2124,True
2:1101:1338:2151,True
2:1101:4851:2077,True
2:1101:2722:2191,True
2:1101:3369:2030,True
2:1101:1909:2115,True
2:1101:3610:2210,True
2:1101:3412:2155,True
2:1101:2688:2080,True
2:1101:5147:2080,True
2:1101:2674:2029,True
2:1101:3057:2203,True
2:1101:2201:2111,True
2:1101:4084:2214,True
2:1101:1512:2184,True
2:1101:1986:2187,True
2:1101:3926:2237,True
2:1101:1335:2114,True
2:1101:3894:2203,True
2:1101:1809:2072,True
2:1101:3267:2110,True
2:1101:4348:2212,True
2:1101:3240:2241,True
2:1101:2339:2167,True
2:1101:4487:2074,True
2:1101:1493:2151,True
2:1101:2032:2032,True
2:1101:5309:2035,True
2:1101:3210:2028,True
2:1101:4797:2230,True
2:1101:3253:2152,True
2:1101:3349:2139,True
2:1101:2696:2147,True
2:1101:3386:2129,True
2:1101:2837:2105,True
2:1101:3550:2214,True
2:1101:4945:2145,True
2:1101:4367:2041,True
2:1101:2279:2166,True
2:1101:3878:2074,True
2:1101:3130:2209,True
2:1101:3907:2233,True
2:1101:3417:2193,True
2:1101:2950:2138,True
2:1101:1767:2082,True
2:1101:4614:2059,True
2:1101:5046:2093,True
2:1101:4967:2086,True
2:1101:1615:2042,True
2:1101:2530:2074,True
2:1101:1146:2206,True
2:1101:3578:2052,True
2:1101:1488:2113,True
2:1101:2740:2135,True
2:1101:2755:2246,True
2:1101:4547:2106,True
2:1101:4210:2030,True
2:1101:3485:2146,True
2:1101:3225:2028,False
2:1101:1264:2235,False
2:1101:3364:2090,True
2:1101:1213:2189,True
2:1101:3806:2115,True
2:1101:4369:2215,True
2:1101:1176:2070,True
2:1101:1807:2172,True
2:1101:3165:2117,True
2:1101:3584:2184,True
2:1101:4030:2248,True
2:1101:1501:2243,True
2:1101:2448:2088,True
2:1101:4272:2042,True
2:1101:4943:2096,True
2:1101:1751:2070,True
2:1101:1216:2131,True
2:1101:4371:2100,True
2:1101:2785:2121,True
2:1101:2050:2234,True
2:1101:3289:2030,True
2:1101:2097:2027,True
2:1101:3329:2103,True
2:1101:2624:2239,True
2:1101:2583:2166,True
2:1101:3980:2097,True
2:1101:1635:2188,True
2:1101:5118:2073,True
2:1101:1599:2161,True
2:1101:3232:2080,True
2:1101:1591:2044,True
2:1101:2635:2169,True
2:1101:5333:2088,True
2:1101:2094:2048,True
2:1101:5356:2061,True
2:1101:3353:2243,True
2:1101:5120:2094,True
2:1101:2102:2151,True
2:1101:4385:2028,True
2:1101:3768:2124,True
2:1101:1819:2237,True
2:1101:5078:2140,True
2:1101:1611:2218,True
2:1101:2134:2225,True
2:1101:4999:2240,True
2:1101:3590:2223,True
2:1101:2167:2164,True
2:1101:3073:2105,True
2:1101:4166:2249,True
2:1101:4575:2223,True
2:1101:1840:2122,True
2:1101:4070:2228,True
2:1101:2168:2052,True
2:1101:3203:2181,True
2:1101:4206:2178,True
2:1101:1635:2029,True
2:1101:4431:2119,True
2:1101:4251:2168,True
2:1101:1583:2055,True
2:1101:2701:2063,True
2:1101:5232:2147,True
2:1101:2464:2073,True
2:1101:3414:2119,True
2:1101:1806:2199,True
2:1101:2623:2076,False
2:1101:4529:2052,True
2:1101:4471:2217,True
2:1101:3663:2100,True
2:1101:1857:2073,True
2:1101:5296:2076,True
2:1101:2985:2144,True
2:1101:2075:2176,True
2:1101:5445:2066,True
2:1101:2166:2148,True
2:1101:3158:2234,True
2:1101:2394:2171,True
2:1101:1274:2047,True
2:1101:3402:2228,True
2:1101:1340:2035,True
2:1101:2857:2231,True
2:1101:1195:2242,True
2:1101:1632:2053,True
2:1101:4900:2195,True
2:1101:1570:2071,True
2:1101:4643:2055,True
2:1101:4127:2058,True
2:1101:4990:2218,True
2:1101:2411:2029,True
2:1101:1429:2119,True
2:1101:4982:2118,True
2:1101:3995:2185,True
2:1101:4568:2169,True
2:1101:2374:2227,True
2:1101:1554:2228,True
2:1101:4567:2078,True
2:1101:2391:2139,True
2:1101:1355:2135,True
2:1101:4074:2115,True
2:1101:3323:2124,True
2:1101:2965:2114,True
2:1101:5274:2094,True
2:1101:3608:2234,True
2:1101:4444:2077,True
2:1101:3777:2068,True
2:1101:4471:2249,True
2:1101:2610:2222,True
2:1101:4840:2039,True
2:1101:1725:2137,True
2:1101:4081:2246,True
2:1101:3171:2077,True
2:1101:3437:2186,True
2:1101:2811:2233,True
2:1101:3698:2238,True
2:1101:2792:2077,True
2:1101:4957:2122,True
2:1101:2957:2034,True
2:1101:3566:2158,True
2:1101:4328:2220,True
2:1101:1140:2090,True
2:1101:3670:2221,True
2:1101:1152:2232,True
2:1101:1744:2203,True
2:1101:3379:2054,True
2:1101:2257:2141,True
2:1101:2420:2199,True
2:1101:3139:2094,True
2:1101:3501:2193,True
2:1101:4201:2234,True
2:1101:3110:2237,True
2:1101:2552:2220,True
2:1101:2429:2175,True
2:1101:5121:2248,True
2:1101:5134:2231,True
2:1101:5259:2073,True
2:1101:1663:2148,False
2:1101:1967:2109,True
2:1101:1598:2138,True
2:1101:3893:2177,True
2:1101:1160:2114,False
2:1101:1953:2088,True
2:1101:3947:2072,True
2:1101:3268:2220,True
2:1101:1239:2027,True
2:1101:2966:2054,True
2:1101:1907:2161,True
2:1101:1580:2103,True
2:1101:3051:2099,True
2:1101:3607:2115,True
2:1101:3117:2088,True
2:1101:3370:2137,True
2:1101:3221:2220,True
2:1101:3786:2039,True
2:1101:4362:2135,True
2:1101:4517:2212,True
2:1101:2370:2146,True
2:1101:3219:2170,True
2:1101:3366:2113,True
2:1101:3573:2117,True
2:1101:3577:2203,True
2:1101:2357:2221,True
2:1101:1868:2219,True
2:1101:3685:2098,True
2:1101:3520:2087,True
2:1101:4117:2169,True
2:1101:2590:2069,True
2:1101:3070:2153,True
2:1101:5147:2112,True
2:1101:4239:2185,True
2:1101:4306:2142,True
2:1101:5068:2057,True
2:1101:3937:2122,True
2:1101:1307:2048,True
2:1101:5186:2168,True
2:1101:1492:2215,True
2:1101:4698:2147,True
2:1101:2521:2149,True
2:1101:2044:2168,True
2:1101:3329:2173,True
2:1101:2162:2027,True
2:1101:1737:2040,True
2:1101:5017:2108,True
2:1101:3536:2066,True
2:1101:3631:2072,True
2:1101:2880:2104,True
2:1101:3190:2037,True
2:1101:3092:2154,True
2:1101:3622:2192,True
2:1101:3811:2205,True
2:1101:3817:2242,True
2:1101:1431:2170,True
2:1101:1395:2138,True
2:1101:2510:2131,True
2:1101:4544:2249,True
2:1101:3620:2165,True
2:1101:3392:2035,True
2:1101:2400:2123,True
2:1101:4017:2088,True
2:1101:1719:2104,True
2:1101:2423:2084,True
2:1101:3770:2201,True
2:1101:1233:2074,True
2:1101:4993:2050,True
2:1101:1835:2197,True
2:1101:5187:2056,True
2:1101:4422:2140,True
2:1101:1445:2093,True
2:1101:2560:2099,True
2:1101:2560:2073,True
2:1101:1493:2091,True
2:1101:3520:2066,True
2:1101:1356:2169,True
2:1101:4142:2175,True
2:1101:2705:2245,True
2:1101:4696:2203,True
2:1101:2181:2100,True
2:1101:1561:2155,True
2:1101:1519:2103,True
2:1101:1192:2031,True
2:1101:2941:2236,True
2:1101:2472:2207,True
2:1101:1861:2127,True
2:1101:2351:2243,True
2:1101:1183:2177,True
2:1101:1935:2100,True
2:1101:5040:2245,True
2:1101:4218:2121,True
2:1101:3791:2082,True
2:1101:1792:2220,True
2:1101:2966:2164,True
2:1101:3549:2244,True
2:1101:2739:2193,True
2:1101:2762:2187,True
2:1101:4851:2098,True
2:1101:3757:2110,True
2:1101:3101:2053,True
2:1101:2242:2208,True
2:1101:2286:2064,True
2:1101:4917:2110,True
2:1101:5390:2053,True
2:1101:5017:2186,True
2:1101:4089:2028,True
2:1101:1261:2121,True
2:1101:3371:2201,True
2:1101:4385:2175,True
2:1101:1153:2064,True
2:1101:1523:2030,True
2:1101:3434:2219,True
2:1101:4550:2211,True
2:1101:4627:2127,True
2:1101:3471:2047,True
2:1101:2915:2215,True
2:1101:3805:2181,True
2:1101:3247:2189,True
2:1101:5162:2188,True
2:1101:3635:2198,True
2:1101:5086:2041,True
2:1101:2504:2175,True
2:1101:1592:2247,True
2:1101:2996:2171,True
2:1101:3844:2214,True
2:1101:3183:2105,True
2:1101:1587:2182,True
2:1101:3006:2095,True
2:1101:5189:2241,True
2:1101:2586:2200,True
2:1101:3574:2083,True
2:1101:2978:2125,True
2:1101:4938:2058,True
2:1101:2166:2234,True
2:1101:3019:2179,True
2:1101:4048:2031,True
2:1101:1475:2070,True
2:1101:2434:2222,True
2:1101:4349:2155,True
2:1101:1647:2111,True
2:1101:2301:2082,True
2:1101:1896:2072,True
2:1101:2143:2193,True
2:1101:3506:2096,True
2:1101:4406:2243,True
2:1101:1215:2044,True
2:1101:3013:2145,True
2:1101:3839:2111,True
2:1101:3219:2112,True
2:1101:2355:2179,True
2:1101:2120:2191,True
2:1101:3976:2053,True
2:1101:5174:2177,True
2:1101:4896:2136,True
2:1101:2944:2173,True
2:1101:3853:2162,True
2:1101:3303:2049,True
2:1101:4144:2035,True
2:1101:3006:2046,True
2:1101:3347:2203,True
2:1101:4356:2187,True
2:1101:2191:2158,True
2:1101:2412:2052,True
2:1101:4167:2228,True
2:1101:5104:2107,True
2:1101:1700:2130,True
2:1101:2157:2215,True
2:1101:3163:2211,False
2:1101:4821:2166,True
2:1101:2710:2093,True
2:1101:1719:2069,True
2:1101:3935:2195,True
2:1101:5228:2228,False
2:1101:5250:2137,True
2:1101:4502:2123,True
2:1101:3951:2155,True
2:1101:5418:2079,True
2:1101:2147:2248,True
2:1101:2649:2081,True
2:1101:3770:2089,True
2:1101:3747:2203,True
2:1101:3056:2162,True
2:1101:1737:2229,True
2:1101:5325:2063,True
2:1101:4938:2221,True
2:1101:3712:2116,True
2:1101:4525:2248,True
2:1101:1808:2049,True
2:1101:4276:2133,True
2:1101:2456:2180,True
2:1101:2585:2049,True
2:1101:4048:2225,True
2:1101:3134:2054,True
2:1101:4842:2221,True
2:1101:2359:2057,True
2:1101:4163:2207,True
2:1101:1373:2135,True
2:1101:2831:2179,True
2:1101:2305:2146,True
