#Source Plate,Source Well,Proposed Destination Plate,Proposed Destination Well
6,B12,1,A02
8,C06,1,A03
11,B05,1,A04
14,B11,1,A05
15,G03,1,A06
17,E11,1,A07
19,D07,1,A08
20,F10,1,A09
21,G09,1,A10
1,B01,1,B01
6,H12,1,B02
8,C07,1,B03
11,F03,1,B04
14,B04,1,B05
16,C12,1,B06
17,F03,1,B07
20,G06,1,B09
21,H01,1,B10
3,D05,1,C01
7,B03,1,C02
8,F06,1,C03
11,F09,1,C04
14,E12,1,C05
16,C06,1,C06
18,C05,1,C07
19,F05,1,C08
21,C09,1,C09
3,E06,1,D01
7,E09,1,D02
9,C10,1,D03
12,G04,1,D04
15,C07,1,D05
16,E01,1,D06
18,D04,1,D07
19,F06,1,D08
21,D10,1,D09
4,B05,1,E01
7,F04,1,E02
9,C04,1,E03
13,A01,1,E04
15,D10,1,E05
16,G12,1,E06
18,F12,1,E07
19,G04,1,E08
21,D09,1,E09
4,D11,1,F01
7,H01,1,F02
9,E11,1,F03
13,B12,1,F04
15,F01,1,F05
16,H06,1,F06
18,F05,1,F07
19,H01,1,F08
21,E08,1,F09
4,F01,1,G01
8,B04,1,G02
10,C09,1,G03
13,D04,1,G04
15,G11,1,G05
17,C04,1,G06
18,H08,1,G07
20,A07,1,G08
21,G04,1,G09
5,G02,1,H01
8,C05,1,H02
10,G02,1,H03
13,H05,1,H04
15,G12,1,H05
17,E01,1,H06
19,B08,1,H07
20,B05,1,H08
21,G07,1,H09
23,E07,1,A11
24,G06,1,A12
23,F12,1,B11
24,G07,1,B12
22,C10,1,C10
23,H02,1,C11
24,G08,1,C12
22,C03,1,D10
24,A02,1,D11
24,H06,1,D12
22,F12,1,E10
24,B10,1,E11
25,D03,1,E12
22,G03,1,F10
24,C02,1,F11
25,E02,1,F12
23,A04,1,G10
24,F07,1,G11
25,G01,1,G12
23,D12,1,H10
24,F09,1,H11
26,A10,1,H12
26,A07,2,A01
29,D02,2,A03
32,A03,2,A04
34,A03,2,A05
35,F11,2,A06
38,D12,2,A07
40,D01,2,A08
42,E07,2,A09
26,C11,2,B01
28,D11,2,B02
29,G10,2,B03
32,B07,2,B04
34,C09,2,B05
35,F09,2,B06
38,F03,2,B07
41,A01,2,B08
26,D02,2,C01
28,D12,2,C02
29,G04,2,C03
32,F04,2,C04
34,D12,2,C05
38,H09,2,C07
41,B03,2,C08
26,E08,2,D01
28,G12,2,D02
30,E10,2,D03
32,G08,2,D04
34,E01,2,D05
39,A03,2,D07
41,B05,2,D08
26,F09,2,E01
28,H01,2,E02
30,F12,2,E03
32,H09,2,E04
34,F10,2,E05
37,A11,2,E06
39,A07,2,E07
41,B08,2,E08
27,G05,2,F01
29,A07,2,F02
31,C02,2,F03
33,A12,2,F04
35,C04,2,F05
37,C10,2,F06
39,A09,2,F07
41,F06,2,F08
28,B11,2,G01
29,B08,2,G02
31,G12,2,G03
33,A06,2,G04
35,C07,2,G05
37,H01,2,G06
39,E11,2,G07
42,D01,2,G08
28,C02,2,H01
29,C10,2,H02
31,G09,2,H03
33,D07,2,H04
35,D01,2,H05
38,C05,2,H06
39,H06,2,H07
42,E10,2,H08
45,H09,2,A10
47,D08,2,A11
49,F07,2,A12
43,A11,2,B09
46,D03,2,B10
47,E03,2,B11
43,H07,2,C09
46,E03,2,C10
47,F02,2,C11
51,B01,2,C12
44,A11,2,D09
46,E08,2,D10
48,C02,2,D11
51,B07,2,D12
44,A05,2,E09
46,E09,2,E10
48,E09,2,E11
51,C03,2,E12
44,H07,2,F09
46,F12,2,F10
48,H05,2,F11
51,E03,2,F12
45,C07,2,G09
47,A02,2,G10
49,C03,2,G11
51,E05,2,G12
45,E07,2,H09
47,D02,2,H10
49,F04,2,H11
51,F01,2,H12
36,B11,2,C06
36,H07,2,D06
51,H02,3,A01
55,C07,3,A02
60,A11,3,A04
61,A12,3,A05
62,G09,3,A06
51,H05,3,B01
55,F12,3,B02
58,B09,3,B03
60,B03,3,B04
61,A03,3,B05
63,B08,3,B06
53,B02,3,C01
56,A12,3,C02
58,D05,3,C03
60,C12,3,C04
61,B08,3,C05
63,D11,3,C06
56,H07,3,D02
58,F01,3,D03
60,C07,3,D04
61,G11,3,D05
63,F11,3,D06
54,D07,3,E01
57,A02,3,E02
58,F12,3,E03
60,F05,3,E04
63,F07,3,E06
54,E02,3,F01
57,E04,3,F02
58,G07,3,F03
60,G03,3,F04
62,C12,3,F05
63,G12,3,F06
54,F01,3,G01
57,F05,3,G02
58,G08,3,G03
60,G04,3,G04
62,D01,3,G05
55,C03,3,H01
58,B05,3,H02
59,E01,3,H03
60,H10,3,H04
64,D02,3,A07
66,D02,3,A08
68,C08,3,A09
70,F06,3,A10
72,C07,3,A11
74,C08,3,A12
64,F05,3,B07
66,G12,3,B08
68,F11,3,B09
71,B12,3,B10
72,D05,3,B11
74,E02,3,B12
64,H04,3,C07
66,G06,3,C08
68,F07,3,C09
71,E11,3,C10
72,E09,3,C11
74,E09,3,C12
65,D03,3,D07
67,A06,3,D08
68,H11,3,D09
71,G05,3,D10
72,F06,3,D11
74,F08,3,D12
65,G07,3,E07
67,B05,3,E08
69,B09,3,E09
71,G06,3,E10
72,H04,3,E11
75,B08,3,E12
65,G09,3,F07
67,D07,3,F08
70,B11,3,F09
71,H03,3,F10
73,D03,3,F11
75,C10,3,F12
64,B06,3,G06
66,A05,3,G07
67,G02,3,G08
70,E11,3,G09
72,A03,3,G10
73,F04,3,G11
75,C07,3,G12
64,D11,3,H06
66,B07,3,H07
68,A08,3,H08
70,E03,3,H09
72,A06,3,H10
73,F05,3,H11
75,F02,3,H12
75,F09,4,A01
78,E04,4,A02
81,A07,4,A03
76,H11,4,B01
78,F12,4,B02
81,B10,4,B03
84,C08,4,B04
77,A02,4,C01
78,H04,4,C02
81,B09,4,C03
84,D07,4,C04
77,B12,4,D01
80,D07,4,D02
81,F05,4,D03
77,F10,4,E01
80,E02,4,E02
81,G02,4,E03
77,F06,4,F01
80,F07,4,F02
83,F02,4,F03
77,G08,4,G01
80,G04,4,G02
84,A04,4,G03
78,C03,4,H01
81,A06,4,H02
84,C02,4,H03
85,F03,4,A05
86,H03,4,A06
88,E10,4,A07
90,F12,4,A08
91,F04,4,A09
92,F01,4,A10
95,A09,4,A11
96,A05,4,A12
85,G06,4,B05
86,H07,4,B06
88,H01,4,B07
91,A06,4,B08
91,G10,4,B09
93,H09,4,B10
95,C01,4,B11
96,B01,4,B12
85,H07,4,C05
87,A03,4,C06
89,B09,4,C07
91,B06,4,C08
91,G06,4,C09
94,A04,4,C10
95,C07,4,C11
96,B06,4,C12
85,A05,4,D04
86,A10,4,D05
87,C10,4,D06
89,D05,4,D07
91,C08,4,D08
92,A02,4,D09
94,A06,4,D10
95,D03,4,D11
96,D03,4,D12
85,B11,4,E04
86,C01,4,E05
87,D09,4,E06
89,E12,4,E07
91,C09,4,E08
92,A09,4,E09
94,B05,4,E10
95,F10,4,E11
96,G08,4,E12
85,B12,4,F04
86,C02,4,F05
87,F02,4,F06
89,E07,4,F07
91,D10,4,F08
92,B07,4,F09
94,D04,4,F10
95,G12,4,F11
96,H11,4,F12
85,C06,4,G04
86,D02,4,G05
87,G08,4,G06
89,H05,4,G07
91,D05,4,G08
92,C10,4,G09
94,D07,4,G10
95,G02,4,G11
96,H02,4,G12
85,D11,4,H04
86,D05,4,H05
88,B09,4,H06
90,D02,4,H07
91,D08,4,H08
92,E06,4,H09
95,A11,4,H10
96,A02,4,H11
97,A05,4,H12
97,F08,5,A01
99,F04,5,A02
100,H02,5,A03
103,H03,5,A04
105,H02,5,A06
97,G02,5,B01
99,H03,5,B02
101,C02,5,B03
103,H04,5,B04
104,F07,5,B05
97,G09,5,C01
100,A07,5,C02
101,D10,5,C03
104,A12,5,C04
104,H06,5,C05
98,E08,5,D01
100,A09,5,D02
102,D01,5,D03
104,B08,5,D04
105,A11,5,D05
98,F05,5,E01
100,E01,5,E02
102,D04,5,E03
104,C11,5,E04
105,A02,5,E05
99,C08,5,F01
100,E02,5,F02
103,A08,5,F03
104,C08,5,F04
105,C01,5,F05
99,D10,5,G01
100,F04,5,G02
103,G11,5,G03
104,E04,5,G04
105,E07,5,G05
99,F03,5,H01
100,F09,5,H02
103,G02,5,H03
104,E05,5,H04
105,F06,5,H05
110,B01,5,A07
111,E10,5,A08
113,E05,5,A09
115,A09,5,A10
116,H02,5,A11
119,A06,5,A12
106,B06,5,B06
110,B06,5,B07
111,G02,5,B08
113,F12,5,B09
115,B03,5,B10
117,A04,5,B11
119,D10,5,B12
106,G03,5,C06
110,F08,5,C07
111,H02,5,C08
113,H02,5,C09
115,E09,5,C10
117,G05,5,C11
120,E10,5,C12
108,A05,5,D06
110,H10,5,D07
111,H03,5,D08
114,B11,5,D09
115,F05,5,D10
117,H06,5,D11
120,F11,5,D12
108,A06,5,E06
111,A10,5,E07
111,H05,5,E08
114,B08,5,E09
115,G07,5,E10
118,A03,5,E11
120,G04,5,E12
108,F03,5,F06
111,A11,5,F07
112,B07,5,F08
114,F07,5,F09
115,H03,5,F10
118,B11,5,F11
121,A03,5,F12
111,B06,5,G07
112,D03,5,G08
115,A10,5,G09
116,A10,5,G10
118,C06,5,G11
121,A05,5,G12
109,F04,5,H06
111,D02,5,H07
113,D12,5,H08
115,A04,5,H09
116,A04,5,H10
118,F01,5,H11
121,C04,5,H12
121,G06,6,A01
123,H10,6,A02
125,E04,6,A03
122,B06,6,B01
124,A04,6,B02
125,F12,6,B03
122,C05,6,C01
124,A07,6,C02
125,F06,6,C03
122,E09,6,D01
124,E01,6,D02
125,H09,6,D03
122,F02,6,E01
124,F08,6,E02
126,F04,6,E03
122,F04,6,F01
125,B08,6,F02
126,F07,6,F03
122,G06,6,G01
125,C12,6,G02
126,H12,6,G03
122,G09,6,H01
125,E03,6,H02
127,D02,6,A04
130,B01,6,A05
133,E10,6,A07
134,H07,6,A08
136,D11,6,A09
139,C12,6,A10
141,C08,6,A11
143,B01,6,A12
127,E12,6,B04
130,B11,6,B05
132,D04,6,B06
133,F01,6,B07
135,A05,6,B08
136,E02,6,B09
139,C05,6,B10
141,F10,6,B11
143,B08,6,B12
127,H04,6,C04
130,G02,6,C05
132,G12,6,C06
133,F06,6,C07
135,C10,6,C08
136,E06,6,C09
139,F04,6,C10
142,C06,6,C11
143,D11,6,C12
128,A12,6,D04
130,G05,6,D05
133,B04,6,D06
133,G10,6,D07
135,C04,6,D08
137,B03,6,D09
139,G01,6,D10
142,F11,6,D11
143,F10,6,D12
128,D09,6,E04
130,H11,6,E05
133,C01,6,E06
133,G09,6,E07
135,D01,6,E08
137,C12,6,E09
140,B03,6,E10
142,G08,6,E11
143,F06,6,E12
128,G06,6,F04
131,A09,6,F05
133,C11,6,F06
133,H01,6,F07
135,F09,6,F08
137,D03,6,F09
140,F01,6,F10
142,H11,6,F11
144,A12,6,F12
129,A01,6,G04
131,E11,6,G05
133,C04,6,G06
133,H07,6,G07
135,H03,6,G08
138,D02,6,G09
141,C10,6,G10
142,H08,6,G11
144,B04,6,G12
127,C01,6,H03
129,F03,6,H04
132,A01,6,H05
133,C06,6,H06
134,C08,6,H07
135,H09,6,H08
139,B09,6,H09
141,C07,6,H10
143,A07,6,H11
144,B05,6,H12
10,D05,7,E06
16,D07,7,A10
10,F05,7,F06
1,B07,7,A01
2,D07,7,A02
4,A07,7,A03
6,C04,7,A04
7,F09,7,A05
9,D11,7,A06
13,A01,7,A08
15,A11,7,A09
17,F01,7,A11
20,G03,7,A12
1,D10,7,B01
2,E12,7,B02
4,D07,7,B03
6,D12,7,B04
8,C10,7,B05
9,G01,7,B06
11,H03,7,B07
13,B04,7,B08
15,B04,7,B09
16,F04,7,B10
17,H09,7,B11
20,H06,7,B12
1,E02,7,C01
2,G09,7,C02
5,A11,7,C03
6,H07,7,C04
8,C02,7,C05
10,A01,7,C06
11,H05,7,C07
13,C04,7,C08
15,D01,7,C09
16,F07,7,C10
18,H11,7,C11
20,H08,7,C12
1,G06,7,D01
3,A04,7,D02
5,C10,7,D03
6,H08,7,D04
8,D03,7,D05
10,G01,7,D06
11,H06,7,D07
13,G08,7,D08
15,E02,7,D09
17,A12,7,D10
21,D12,7,D12
1,H10,7,E01
3,F12,7,E02
5,C08,7,E03
7,A02,7,E04
8,E09,7,E05
12,B01,7,E07
14,C09,7,E08
15,E07,7,E09
17,B11,7,E10
19,H03,7,E11
21,G06,7,E12
1,H12,7,F01
3,F04,7,F02
5,F11,7,F03
7,A05,7,F04
8,F05,7,F05
12,B11,7,F07
14,E11,7,F08
15,H10,7,F09
17,C01,7,F10
19,H06,7,F11
21,H02,7,F12
1,H08,7,G01
3,F08,7,G02
6,A07,7,G03
7,B10,7,G04
9,C07,7,G05
11,F08,7,G06
12,G10,7,G07
14,G07,7,G08
16,A10,7,G09
17,E12,7,G10
20,C07,7,G11
22,A02,7,G12
2,A09,7,H01
3,H10,7,H02
6,B08,7,H03
7,E02,7,H04
9,C08,7,H05
11,H10,7,H06
12,G08,7,H07
14,G09,7,H08
16,A02,7,H09
17,E04,7,H10
20,E01,7,H11
22,B08,7,H12
31,A11,8,F07
22,C06,8,A01
23,G04,8,A02
25,A07,8,A03
26,D08,8,A04
27,E09,8,A05
28,F05,8,A06
29,F07,8,A07
33,B11,8,A09
34,F11,8,A10
35,F06,8,A11
38,A04,8,A12
22,C09,8,B01
24,A08,8,B02
25,B04,8,B03
26,E11,8,B04
27,G08,8,B05
28,F07,8,B06
29,G09,8,B07
31,D04,8,B08
33,E08,8,B09
35,A03,8,B10
38,A05,8,B12
22,H06,8,C01
24,C05,8,C02
25,C04,8,C03
26,E05,8,C04
27,G09,8,C05
28,G01,8,C06
29,H09,8,C07
31,E06,8,C08
33,F10,8,C09
35,B07,8,C10
36,A12,8,C11
38,B10,8,C12
22,H09,8,D01
24,D02,8,D02
25,D01,8,D03
26,E07,8,D04
28,A01,8,D05
28,G04,8,D06
30,A01,8,D07
31,F01,8,D08
34,B05,8,D09
35,C05,8,D10
36,B04,8,D11
38,E10,8,D12
23,A12,8,E01
24,F05,8,E02
25,F11,8,E03
26,F08,8,E04
28,B06,8,E05
28,H08,8,E06
30,H04,8,E07
32,B04,8,E08
34,C12,8,E09
35,D04,8,E10
36,F06,8,E11
38,E11,8,E12
23,C07,8,F01
24,F09,8,F02
25,F02,8,F03
27,C11,8,F04
28,C12,8,F05
29,A08,8,F06
32,C08,8,F08
34,D10,8,F09
35,E03,8,F10
37,C01,8,F11
38,G10,8,F12
23,D07,8,G01
24,G12,8,G02
25,H03,8,G03
27,E02,8,G04
28,C04,8,G05
29,B12,8,G06
31,B10,8,G07
32,D08,8,G08
34,E07,8,G09
35,E07,8,G10
39,C11,8,G12
23,F02,8,H01
24,G05,8,H02
26,C01,8,H03
27,E08,8,H04
28,E12,8,H05
29,E01,8,H06
31,D03,8,H07
32,H05,8,H08
34,E09,8,H09
35,E08,8,H10
37,G09,8,H11
39,E06,8,H12
39,H01,9,A01
43,B11,9,A02
44,C04,9,A03
47,A03,9,A04
48,H12,9,A05
51,A10,9,A06
52,E04,9,A07
54,G07,9,A08
59,B10,9,A10
61,D03,9,A11
63,C07,9,A12
41,A01,9,B01
43,B12,9,B02
44,E02,9,B03
47,F03,9,B04
48,H04,9,B05
51,D01,9,B06
52,G01,9,B07
54,H12,9,B08
56,D05,9,B09
59,C03,9,B10
61,F11,9,B11
63,D02,9,B12
41,D11,9,C01
43,C04,9,C02
45,A12,9,C03
47,G12,9,C04
49,B12,9,C05
51,H11,9,C06
53,D10,9,C07
55,D08,9,C08
57,C11,9,C09
62,A01,9,C11
63,E01,9,C12
41,E03,9,D01
43,F12,9,D02
48,C04,9,D04
49,C07,9,D05
51,H03,9,D06
53,D02,9,D07
55,E04,9,D08
57,D01,9,D09
59,F04,9,D10
63,F11,9,D12
41,E09,9,E01
43,F05,9,E02
46,A01,9,E03
48,C07,9,E04
51,H04,9,E06
53,D04,9,E07
55,F08,9,E08
57,F02,9,E09
60,A03,9,E10
62,C10,9,E11
63,F02,9,E12
41,G12,9,F01
43,G03,9,F02
46,C01,9,F03
48,D05,9,F04
49,G05,9,F05
52,A02,9,F06
53,H04,9,F07
55,H05,9,F08
57,H12,9,F09
60,C01,9,F10
62,C04,9,F11
63,F04,9,F12
42,F06,9,G01
43,H03,9,G02
46,C02,9,G03
48,D09,9,G04
49,H10,9,G05
52,A05,9,G06
54,D07,9,G07
56,B10,9,G08
58,A12,9,G09
60,E05,9,G10
63,G03,9,G12
42,H05,9,H01
43,H04,9,H02
46,C03,9,H03
48,F02,9,H04
49,H12,9,H05
52,B07,9,H06
54,G02,9,H07
56,D01,9,H08
58,G08,9,H09
60,H08,9,H10
62,G07,9,H11
63,H12,9,H12
66,D06,10,C03
72,A06,10,H05
64,B12,10,B01
83,H12,10,B10
65,E02,10,A02
66,D11,10,A03
68,B04,10,A04
70,E02,10,A05
72,B12,10,A06
74,G11,10,A07
77,F02,10,A08
80,B08,10,A09
85,B07,10,A11
87,C08,10,A12
65,E06,10,B02
66,D12,10,B03
68,F07,10,B04
70,F02,10,B05
72,C10,10,B06
74,G03,10,B07
78,E11,10,B08
80,E07,10,B09
85,B08,10,B11
87,F10,10,B12
64,B06,10,C01
65,F04,10,C02
68,G10,10,C04
70,F04,10,C05
72,F11,10,C06
74,H06,10,C07
78,E12,10,C08
80,G07,10,C09
83,H02,10,C10
85,C12,10,C11
64,F03,10,D01
65,H11,10,D02
66,E09,10,D03
68,H10,10,D04
70,G03,10,D05
72,H05,10,D06
74,H08,10,D07
78,F05,10,D08
81,B11,10,D09
84,B05,10,D10
85,C04,10,D11
88,A08,10,D12
64,F04,10,E01
65,H12,10,E02
66,H11,10,E03
69,H11,10,E04
71,A02,10,E05
73,C06,10,E06
75,E02,10,E07
78,G10,10,E08
81,E11,10,E09
84,F02,10,E10
85,F04,10,E11
88,B11,10,E12
64,G10,10,F01
66,A09,10,F02
66,H04,10,F03
69,H07,10,F04
71,D10,10,F05
73,E09,10,F06
76,A06,10,F07
78,H12,10,F08
81,E08,10,F09
84,G05,10,F10
86,C12,10,F11
88,D10,10,F12
65,C09,10,G01
66,B11,10,G02
67,C02,10,G03
70,A12,10,G04
71,G02,10,G05
74,D05,10,G06
77,C07,10,G07
78,H02,10,G08
82,C12,10,G09
84,H10,10,G10
86,G05,10,G11
88,E12,10,G12
65,D10,10,H01
66,D10,10,H02
67,F07,10,H03
70,D09,10,H04
74,F03,10,H06
77,E02,10,H07
80,B12,10,H08
82,H07,10,H09
85,A12,10,H10
87,A09,10,H11
88,G04,10,H12
92,A01,11,A03
77,C07,11,A01
95,A11,11,A05
78,H12,11,B01
92,C10,11,C03
100,E01,11,E08
91,D08,11,G02
90,F04,11,A02
93,G10,11,A04
96,A08,11,A06
97,H09,11,A07
99,A07,11,A08
101,A05,11,A09
102,F07,11,A10
105,H03,11,A12
90,F06,11,B02
92,B09,11,B03
93,H04,11,B04
95,B12,11,B05
96,B10,11,B06
98,A03,11,B07
99,C02,11,B08
101,C01,11,B09
102,H01,11,B10
104,F06,11,B11
106,B09,11,B12
89,D07,11,C01
90,G12,11,C02
94,B01,11,C04
95,C12,11,C05
96,D10,11,C06
98,C07,11,C07
99,D05,11,C08
101,C05,11,C09
103,B08,11,C10
104,G02,11,C11
106,C02,11,C12
89,F08,11,D01
91,A08,11,D02
92,C05,11,D03
94,B09,11,D04
95,D11,11,D05
96,G11,11,D06
98,E03,11,D07
100,A03,11,D08
101,F09,11,D09
103,B09,11,D10
105,C10,11,D11
106,D01,11,D12
89,G03,11,E01
91,C12,11,E02
92,C06,11,E03
94,C11,11,E04
95,E04,11,E05
96,G03,11,E06
98,E05,11,E07
101,G03,11,E09
103,C01,11,E10
105,E10,11,E11
106,D05,11,E12
90,A11,11,F01
91,D03,11,F02
92,G05,11,F03
94,E09,11,F04
96,A01,11,F05
97,B07,11,F06
98,E09,11,F07
100,E04,11,F08
102,A01,11,F09
103,C11,11,F10
105,E02,11,F11
106,F12,11,F12
90,E02,11,G01
93,E06,11,G03
94,F04,11,G04
96,A12,11,G05
97,D12,11,G06
98,F07,11,G07
100,F08,11,G08
102,C03,11,G09
104,A06,11,G10
105,F03,11,G11
106,F06,11,G12
90,E09,11,H01
91,G07,11,H02
93,E08,11,H03
94,H02,11,H04
96,A04,11,H05
97,G12,11,H06
98,H05,11,H07
101,A11,11,H08
102,C07,11,H09
104,B05,11,H10
105,G06,11,H11
107,B11,11,H12
115,E04,12,G05
110,C09,12,F02
125,C11,12,G12
125,C12,12,H12
107,B06,12,A01
109,A12,12,A02
110,G08,12,A03
112,C12,12,A04
113,H05,12,A05
116,G06,12,A07
118,C02,12,A08
119,C06,12,A09
121,A04,12,A10
122,H09,12,A11
107,C07,12,B01
109,C01,12,B02
110,H09,12,B03
112,D10,12,B04
114,A05,12,B05
115,F04,12,B06
117,A01,12,B07
118,E04,12,B08
119,C09,12,B09
121,B05,12,B10
123,D12,12,B11
124,C11,12,B12
107,E02,12,C01
109,G06,12,C02
111,A04,12,C03
112,G01,12,C04
114,A06,12,C05
115,G01,12,C06
117,B10,12,C07
118,F02,12,C08
119,D05,12,C09
121,E10,12,C10
123,D03,12,C11
124,D03,12,C12
107,G08,12,D01
109,G07,12,D02
111,A05,12,D03
112,G02,12,D04
114,E06,12,D05
115,G10,12,D06
117,E02,12,D07
119,A12,12,D08
119,G02,12,D09
121,E11,12,D10
123,E01,12,D11
124,G07,12,D12
107,H01,12,E01
109,G08,12,E02
111,A06,12,E03
113,A09,12,E04
114,G07,12,E05
115,G05,12,E06
117,F07,12,E07
119,B06,12,E08
119,G03,12,E09
121,F04,12,E10
123,E03,12,E11
124,H04,12,E12
107,H08,12,F01
111,F12,12,F03
113,C02,12,F04
114,H02,12,F05
116,D08,12,F06
118,A07,12,F07
119,B08,12,F08
120,A07,12,F09
122,C02,12,F10
123,F09,12,F11
125,B07,12,F12
108,E01,12,G01
110,F10,12,G02
111,G01,12,G03
113,F11,12,G04
116,E10,12,G06
118,B12,12,G07
119,C11,12,G08
120,C03,12,G09
122,F08,12,G10
123,H07,12,G11
108,F08,12,H01
110,G01,12,H02
111,H04,12,H03
113,H04,12,H04
116,F01,12,H06
118,B09,12,H07
119,C03,12,H08
120,G10,12,H09
122,H06,12,H10
124,B11,12,H11
125,E11,13,A01
127,A02,13,A02
128,F11,13,A03
130,C05,13,A04
131,A07,13,A05
134,C04,13,A06
136,D04,13,A07
137,B01,13,A08
139,F09,13,A09
141,E03,13,A10
143,F02,13,A11
145,C08,13,A12
127,C07,13,B02
128,F05,13,B03
130,C07,13,B04
131,H12,13,B05
134,D04,13,B06
136,D07,13,B07
137,C04,13,B08
139,H04,13,B09
141,F06,13,B10
143,G07,13,B11
145,D08,13,B12
125,F01,13,C01
127,D12,13,C02
128,G12,13,C03
130,C08,13,C04
132,A12,13,C05
134,D09,13,C06
136,E05,13,C07
138,C08,13,C08
140,B05,13,C09
142,A04,13,C10
143,H02,13,C11
145,E05,13,C12
126,A02,13,D01
127,D04,13,D02
128,H04,13,D03
130,D07,13,D04
132,G03,13,D05
134,F10,13,D06
136,F05,13,D07
138,D05,13,D08
140,C11,13,D09
142,D09,13,D10
144,B01,13,D11
145,F02,13,D12
126,D07,13,E01
127,G06,13,E02
129,C03,13,E03
130,E06,13,E04
132,H12,13,E05
135,B01,13,E06
136,F09,13,E07
139,C01,13,E08
140,E05,13,E09
142,E02,13,E10
144,D11,13,E11
145,G04,13,E12
126,F12,13,F01
128,A03,13,F02
129,C07,13,F03
130,G10,13,F04
132,H07,13,F05
135,E07,13,F06
136,G08,13,F07
139,D07,13,F08
140,H10,13,F09
142,F08,13,F10
144,E12,13,F11
145,H12,13,F12
126,G07,13,G01
128,A05,13,G02
129,D04,13,G03
130,G06,13,G04
133,A10,13,G05
135,F03,13,G06
136,H03,13,G07
139,D08,13,G08
141,C11,13,G09
143,D12,13,G10
144,G06,13,G11
146,A01,13,G12
126,H04,13,H01
128,E10,13,H02
130,A09,13,H03
130,H07,13,H04
133,H12,13,H05
136,B06,13,H06
137,A03,13,H07
139,F03,13,H08
141,C02,13,H09
143,D02,13,H10
145,B11,13,H11
146,B08,14,A01
146,H06,14,A02
149,A03,14,A03
150,B11,14,A04
151,D01,14,A05
152,C07,14,A06
153,F08,14,A07
155,H02,14,A08
156,E12,14,A09
157,D07,14,A10
158,D03,14,A11
158,F07,14,A12
146,D12,14,B01
149,B01,14,B03
150,E12,14,B04
151,D12,14,B05
152,D12,14,B06
153,G12,14,B07
156,B05,14,B08
156,E06,14,B09
157,D08,14,B10
158,D05,14,B11
158,G09,14,B12
146,D09,14,C01
148,B09,14,C02
149,B04,14,C03
150,E09,14,C04
151,D09,14,C05
152,E04,14,C06
153,H05,14,C07
156,B08,14,C08
156,E08,14,C09
157,E04,14,C10
158,D08,14,C11
158,H02,14,C12
146,F11,14,D01
148,C08,14,D02
149,B05,14,D03
150,F10,14,D04
152,A11,14,D05
153,A05,14,D06
154,B01,14,D07
156,C09,14,D08
156,G08,14,D09
157,F05,14,D10
158,E01,14,D11
158,H03,14,D12
146,G06,14,E01
148,D12,14,E02
149,B07,14,E03
150,H03,14,E04
152,A07,14,E05
154,D07,14,E07
156,D03,14,E08
157,B06,14,E09
157,F06,14,E10
158,E02,14,E11
159,A10,14,E12
146,H10,14,F01
148,E09,14,F02
149,C11,14,F03
151,A10,14,F04
152,B01,14,F05
153,D08,14,F06
154,E08,14,F07
156,D04,14,F08
157,B07,14,F09
157,H01,14,F10
158,E08,14,F11
159,B01,14,F12
146,H12,14,G01
148,G07,14,G02
149,E12,14,G03
151,A11,14,G04
152,B07,14,G05
153,E12,14,G06
155,A12,14,G07
156,D05,14,G08
157,D02,14,G09
158,A11,14,G10
158,E09,14,G11
159,B08,14,G12
146,H03,14,H01
149,A02,14,H02
149,H07,14,H03
151,B05,14,H04
152,C10,14,H05
153,E06,14,H06
155,A02,14,H07
156,E11,14,H08
157,D05,14,H09
158,C05,14,H10
158,F12,14,H11
159,C11,14,H12
171,C05,15,F12
159,E10,15,A01
160,A05,15,A02
160,F05,15,A03
161,H06,15,A04
163,C03,15,A05
164,D01,15,A06
166,B12,15,A07
166,E06,15,A08
167,E04,15,A09
169,A02,15,A10
170,A10,15,A11
170,G03,15,A12
159,E06,15,B01
160,A07,15,B02
162,A05,15,B04
163,C08,15,B05
164,F02,15,B06
166,C05,15,B07
166,E09,15,B08
167,G07,15,B09
169,A08,15,B10
170,A12,15,B11
170,H12,15,B12
159,E09,15,C01
160,B05,15,C02
160,G05,15,C03
162,B01,15,C04
163,E10,15,C05
165,A08,15,C06
166,D12,15,C07
166,G08,15,C08
168,A05,15,C09
169,E11,15,C10
170,A03,15,C11
170,H08,15,C12
159,F01,15,D01
160,B07,15,D02
160,G08,15,D03
162,C12,15,D04
163,F07,15,D05
165,C12,15,D06
166,D02,15,D07
166,H12,15,D08
168,A07,15,D09
169,E04,15,D10
170,A06,15,D11
171,A08,15,D12
159,F12,15,E01
160,C06,15,E02
160,H02,15,E03
162,D05,15,E04
163,G12,15,E05
165,C07,15,E06
166,D07,15,E07
167,A04,15,E08
168,B09,15,E09
169,F04,15,E10
170,E10,15,E11
171,C04,15,E12
159,G03,15,F01
160,D10,15,F02
161,B05,15,F03
162,D09,15,F04
163,G03,15,F05
165,F02,15,F06
166,E10,15,F07
167,B07,15,F08
168,D02,15,F09
169,F07,15,F10
170,E05,15,F11
159,G09,15,G01
160,E05,15,G02
161,D03,15,G03
162,F12,15,G04
164,C02,15,G05
166,A02,15,G06
166,E11,15,G07
167,D11,15,G08
168,E08,15,G09
169,F08,15,G10
170,E09,15,G11
171,C06,15,G12
159,H11,15,H01
160,E08,15,H02
161,G08,15,H03
163,A02,15,H04
164,C03,15,H05
166,B11,15,H06
166,E04,15,H07
167,E10,15,H08
168,H08,15,H09
169,G05,15,H10
170,F08,15,H11
171,C06,15,H12
176,C10,16,A05
176,G07,16,A06
176,C02,16,B05
176,C04,16,C05
176,C05,16,D05
176,D05,16,E05
176,E10,16,F05
176,A01,16,G04
176,G02,16,G05
176,B09,16,H04
176,G06,16,H05
171,E07,16,A01
172,H03,16,A02
174,D08,16,A03
175,E06,16,A04
177,G12,16,A07
178,F12,16,A08
179,B12,16,A09
179,H11,16,A10
181,E12,16,A11
183,C08,16,A12
171,G06,16,B01
173,B11,16,B02
174,E02,16,B03
177,A05,16,B06
178,A07,16,B07
178,F03,16,B08
179,B06,16,B09
180,E10,16,B10
181,F06,16,B11
183,E10,16,B12
172,A10,16,C01
173,C12,16,C02
174,F02,16,C03
175,E09,16,C04
177,A07,16,C06
178,F09,16,C08
179,C10,16,C09
180,G10,16,C10
182,A07,16,C11
183,F12,16,C12
172,A12,16,D01
173,C08,16,D02
174,G02,16,D03
175,F11,16,D04
177,A09,16,D06
178,B09,16,D07
178,G12,16,D08
179,C02,16,D09
180,G02,16,D10
182,C11,16,D11
183,G12,16,D12
172,C12,16,E01
173,D03,16,E02
175,B11,16,E03
175,G02,16,E04
177,C03,16,E06
178,C11,16,E07
178,H09,16,E08
179,C07,16,E09
181,B10,16,E10
182,E07,16,E11
183,H10,16,E12
172,C03,16,F01
173,E12,16,F02
175,B07,16,F03
175,G08,16,F04
177,C04,16,F06
178,C03,16,F07
179,A05,16,F08
179,E07,16,F09
181,C12,16,F10
182,E09,16,F11
183,H08,16,F12
172,E07,16,G01
174,A03,16,G02
175,D12,16,G03
177,D07,16,G06
178,E12,16,G07
179,A07,16,G08
179,F02,16,G09
181,C06,16,G10
182,H07,16,G11
184,A10,16,G12
172,G03,16,H01
174,B08,16,H02
175,D04,16,H03
177,F05,16,H06
178,E06,16,H07
179,B11,16,H08
179,F04,16,H09
181,D02,16,H10
183,B07,16,H11
184,C02,16,H12
184,C05,17,A01
185,C05,17,A02
186,C04,17,A03
187,A04,17,A04
187,G06,17,A05
188,H11,17,A06
189,H11,17,A07
191,D08,17,A08
192,C04,17,A09
193,D02,17,A10
194,D07,17,A11
184,D09,17,B01
185,D11,17,B02
186,F10,17,B03
187,A09,17,B04
189,B08,17,B06
189,H08,17,B07
191,E12,17,B08
192,F12,17,B09
193,F02,17,B10
194,D08,17,B11
195,D11,17,B12
184,G10,17,C01
185,D02,17,C02
186,F06,17,C03
187,B07,17,C04
188,A06,17,C05
189,C11,17,C06
190,A02,17,C07
191,E05,17,C08
192,F06,17,C09
193,G12,17,C10
194,E02,17,C11
195,G10,17,C12
184,G02,17,D01
185,E12,17,D02
186,G12,17,D03
187,C10,17,D04
188,C03,17,D05
189,C06,17,D06
190,A04,17,D07
191,G12,17,D08
192,G05,17,D09
193,G07,17,D10
194,E03,17,D11
195,G11,17,D12
184,G03,17,E01
185,G02,17,E02
186,G02,17,E03
187,C03,17,E04
188,D12,17,E05
189,C09,17,E06
190,C05,17,E07
191,G07,17,E08
192,H11,17,E09
193,H03,17,E10
194,E07,17,E11
195,H07,17,E12
184,H09,17,F01
185,H06,17,F02
186,G09,17,F03
187,E10,17,F04
188,D02,17,F05
189,E12,17,F06
190,H05,17,F07
191,H04,17,F08
193,B09,17,F09
193,H08,17,F10
194,G12,17,F11
196,B08,17,F12
185,C10,17,G01
186,B07,17,G02
187,A10,17,G03
187,F06,17,G04
188,E05,17,G05
189,F03,17,G06
191,A08,17,G07
192,A04,17,G08
193,C03,17,G09
194,C02,17,G10
195,A05,17,G11
196,E07,17,G12
185,C11,17,H01
186,C11,17,H02
187,A03,17,H03
187,G11,17,H04
188,F07,17,H05
189,G05,17,H06
191,B02,17,H07
192,B12,17,H08
193,C06,17,H09
194,D04,17,H10
195,A06,17,H11
197,A10,17,H12
197,B10,18,A01
198,A02,18,A02
198,G11,18,A03
199,F02,18,A04
200,F09,18,A05
201,D12,18,A06
202,C11,18,A07
203,D05,18,A08
204,H04,18,A09
205,G09,18,A10
207,F06,18,A11
208,G02,18,A12
197,D07,18,B01
198,C11,18,B02
198,G12,18,B03
199,F08,18,B04
200,G02,18,B05
202,C12,18,B07
203,G12,18,B08
205,A01,18,B09
206,B04,18,B10
207,G04,18,B11
208,G03,18,B12
197,D09,18,C01
198,C04,18,C02
198,G05,18,C03
199,G09,18,C04
200,G03,18,C05
201,D03,18,C06
202,H09,18,C07
204,A12,18,C08
205,A09,18,C09
206,D08,18,C10
208,C06,18,C11
208,H02,18,C12
197,E10,18,D01
198,C05,18,D02
198,H07,18,D03
200,B06,18,D04
200,H07,18,D05
201,G07,18,D06
203,B10,18,D07
204,A04,18,D08
205,C04,18,D09
206,F06,18,D10
208,C07,18,D11
209,A12,18,D12
197,E12,18,E01
198,C06,18,E02
199,A12,18,E03
200,B09,18,E04
201,A01,18,E05
201,H04,18,E06
203,B08,18,E07
204,C07,18,E08
205,D02,18,E09
206,G07,18,E10
208,E10,18,E11
209,A06,18,E12
197,E09,18,F01
198,E11,18,F02
199,D07,18,F03
200,D10,18,F04
201,A02,18,F05
202,A10,18,F06
203,C06,18,F07
204,C08,18,F08
205,E12,18,F09
206,H02,18,F10
208,E05,18,F11
209,E03,18,F12
197,F12,18,G01
198,E02,18,G02
199,E12,18,G03
200,F02,18,G04
201,A04,18,G05
202,A07,18,G06
203,C08,18,G07
204,D11,18,G08
205,E06,18,G09
207,C10,18,G10
208,E08,18,G11
209,E06,18,G12
197,F03,18,H01
198,E08,18,H02
199,E05,18,H03
200,F04,18,H04
201,C11,18,H05
202,B04,18,H06
203,D04,18,H07
204,F03,18,H08
205,G12,18,H09
207,C11,18,H10
208,E09,18,H11
209,F02,18,H12
209,F08,19,A01
210,G04,19,A02
211,G04,19,A03
213,C03,19,A04
214,D08,19,A05
215,H04,19,A06
217,E02,19,A07
218,C05,19,A08
218,H04,19,A09
220,A09,19,A10
221,E12,19,A11
223,A11,19,A12
209,G06,19,B01
210,H02,19,B02
211,G07,19,B03
213,C04,19,B04
214,E10,19,B05
216,B07,19,B06
218,D09,19,B08
218,H09,19,B09
220,B11,19,B10
221,H02,19,B11
223,A02,19,B12
209,G09,19,C01
211,D12,19,C02
212,B12,19,C03
213,C08,19,C04
214,E09,19,C05
216,B08,19,C06
217,G11,19,C07
218,E10,19,C08
219,A01,19,C09
220,D02,19,C10
222,A07,19,C11
223,B05,19,C12
209,H11,19,D01
211,D04,19,D02
212,D07,19,D03
213,D08,19,D04
215,C09,19,D05
216,B09,19,D06
217,G02,19,D07
218,E03,19,D08
219,C11,19,D09
220,E05,19,D10
222,B11,19,D11
223,D02,19,D12
210,B09,19,E01
211,F05,19,E02
212,F02,19,E03
213,E11,19,E04
215,F12,19,E05
216,C07,19,E06
217,H05,19,E07
218,E07,19,E08
219,C02,19,E09
220,G06,19,E10
222,E11,19,E11
223,E12,19,E12
210,C09,19,F01
211,F07,19,F02
212,F03,19,F03
213,F09,19,F04
215,F07,19,F05
217,C10,19,F06
218,A06,19,F07
218,F05,19,F08
219,C08,19,F09
221,B07,19,F10
222,F03,19,F11
223,E03,19,F12
210,D04,19,G01
211,G10,19,G02
212,G06,19,G03
214,A12,19,G04
215,G02,19,G05
217,C09,19,G06
218,B12,19,G07
218,F07,19,G08
219,F09,19,G09
221,C06,19,G10
222,G04,19,G11
223,E04,19,G12
210,E11,19,H01
211,G02,19,H02
212,H07,19,H03
214,D07,19,H04
215,H12,19,H05
217,E10,19,H06
218,B09,19,H07
218,H10,19,H08
219,G07,19,H09
221,D09,19,H10
223,A01,19,H11
223,E06,19,H12
223,G05,20,A01
225,A03,20,A02
226,D10,20,A03
227,D05,20,A04
228,G06,20,A05
229,H11,20,A06
231,E05,20,A07
232,E02,20,A08
232,G08,20,A09
233,H11,20,A10
235,C02,20,A11
236,D01,20,A12
224,C11,20,B01
225,E03,20,B02
226,E02,20,B03
227,D09,20,B04
228,H02,20,B05
230,D11,20,B06
231,F10,20,B07
233,A06,20,B09
234,B12,20,B10
235,D11,20,B11
236,F06,20,B12
224,D05,20,C01
225,F02,20,C02
226,F02,20,C03
227,E12,20,C04
229,B07,20,C05
230,D07,20,C06
231,F06,20,C07
232,F01,20,C08
233,B10,20,C09
234,B05,20,C10
235,G02,20,C11
236,H02,20,C12
224,E09,20,D01
225,G06,20,D02
226,H11,20,D03
228,B05,20,D04
229,C03,20,D05
230,E08,20,D06
231,H02,20,D07
232,F10,20,D08
233,C01,20,D09
234,D01,20,D10
235,G04,20,D11
237,A12,20,D12
224,G10,20,E01
225,G09,20,E02
226,H09,20,E03
228,D10,20,E04
229,C08,20,E05
230,F04,20,E06
232,B10,20,E07
232,F12,20,E08
233,E04,20,E09
234,D11,20,E10
235,H10,20,E11
237,A08,20,E12
224,G11,20,F01
225,H03,20,F02
227,A06,20,F03
228,D04,20,F04
229,D05,20,F05
231,A05,20,F06
232,B06,20,F07
232,G10,20,F08
233,F04,20,F09
234,F12,20,F10
236,A03,20,F11
237,E12,20,F12
224,G09,20,G01
226,A11,20,G02
227,C12,20,G03
228,E08,20,G04
229,E09,20,G05
231,C07,20,G06
232,C03,20,G07
232,G02,20,G08
233,F06,20,G09
234,F02,20,G10
236,B11,20,G11
237,E02,20,G12
224,H12,20,H01
226,C05,20,H02
227,D02,20,H03
228,F09,20,H04
229,G11,20,H05
231,D05,20,H06
232,C08,20,H07
232,G05,20,H08
233,H01,20,H09
234,H11,20,H10
236,C08,20,H11
237,F09,20,H12
239,B09,21,C02
237,G07,21,A01
238,F06,21,A02
239,G02,21,A03
241,B12,21,A04
242,C12,21,A05
243,A10,21,A06
244,A10,21,A07
245,F03,21,A08
246,G04,21,A09
247,E01,21,A10
249,E01,21,A11
250,D02,21,A12
237,G08,21,B01
238,H03,21,B02
239,G09,21,B03
241,B04,21,B04
242,C04,21,B05
243,A06,21,B06
244,B05,21,B07
245,G07,21,B08
247,E04,21,B10
249,F10,21,B11
250,E02,21,B12
237,G09,21,C01
239,H10,21,C03
241,B08,21,C04
242,E10,21,C05
243,B04,21,C06
244,C10,21,C07
245,G09,21,C08
246,H08,21,C09
248,C05,21,C10
249,F06,21,C11
251,C01,21,C12
238,A11,21,D01
239,C11,21,D02
240,D11,21,D03
241,D03,21,D04
242,E12,21,D05
243,D04,21,D06
244,F02,21,D07
245,H02,21,D08
247,A11,21,D09
248,D08,21,D10
249,H01,21,D11
251,C10,21,D12
238,C08,21,E01
239,E02,21,E02
240,D05,21,E03
241,F11,21,E04
242,F05,21,E05
243,E10,21,E06
244,G12,21,E07
245,H07,21,E08
247,A04,21,E09
248,E01,21,E10
250,A02,21,E11
251,D04,21,E12
238,D10,21,F01
239,E06,21,F02
240,E11,21,F03
241,F04,21,F04
242,G04,21,F05
243,G11,21,F06
244,G03,21,F07
246,B07,21,F08
247,C11,21,F09
249,C03,21,F10
250,A04,21,F11
251,D05,21,F12
238,F01,21,G01
239,F07,21,G02
240,F10,21,G03
242,A02,21,G04
242,H10,21,G05
243,H10,21,G06
245,A10,21,G07
246,D07,21,G08
247,D05,21,G09
249,C09,21,G10
250,B12,21,G11
251,E05,21,G12
238,F05,21,H01
239,G11,21,H02
241,A12,21,H03
242,A06,21,H04
242,H11,21,H05
244,A01,21,H06
245,C07,21,H07
246,F11,21,H08
247,D08,21,H09
249,D07,21,H10
250,C12,21,H11
251,F05,21,H12
257,A07,22,A05
251,F07,22,A01
253,A05,22,A02
253,H11,22,A03
255,B10,22,A04
258,G10,22,A06
260,F02,22,A07
261,E10,22,A08
262,D07,22,A09
263,C09,22,A10
263,H11,22,A11
264,G06,22,A12
251,H03,22,B01
253,B01,22,B02
253,H07,22,B03
255,C09,22,B04
257,B09,22,B05
258,H01,22,B06
260,G10,22,B07
261,F05,22,B08
262,E07,22,B09
263,H02,22,B11
264,G09,22,B12
251,H07,22,C01
253,C10,22,C02
254,B10,22,C03
255,D12,22,C04
258,B06,22,C05
258,H03,22,C06
260,H11,22,C07
261,H09,22,C08
262,H01,22,C09
263,E01,22,C10
263,H06,22,C11
264,H05,22,C12
252,C02,22,D01
253,F11,22,D02
254,C04,22,D03
255,G12,22,D04
258,D12,22,D05
261,B11,22,D07
262,A05,22,D08
262,H06,22,D09
263,F01,22,D10
264,A05,22,D11
265,C03,22,D12
252,C05,22,E01
253,F03,22,E02
254,D11,22,E03
255,H04,22,E04
258,D02,22,E05
259,D10,22,E06
261,B06,22,E07
262,A09,22,E08
262,H08,22,E09
263,F06,22,E10
264,C05,22,E11
265,D01,22,E12
252,C07,22,F01
253,F09,22,F02
254,G06,22,F03
255,H08,22,F04
258,D04,22,F05
259,E07,22,F06
261,C08,22,F07
262,B01,22,F08
263,B10,22,F09
263,G11,22,F10
264,C09,22,F11
265,D11,22,F12
252,D01,22,G01
253,G12,22,G02
254,H05,22,G03
256,C06,22,G04
258,E01,22,G05
259,F01,22,G06
261,D02,22,G07
262,B12,22,G08
263,B08,22,G09
263,G09,22,G10
264,D12,22,G11
265,D09,22,G12
252,G08,22,H01
253,G09,22,H02
255,A12,22,H03
256,G06,22,H04
258,F09,22,H05
260,D01,22,H06
261,D05,22,H07
262,C06,22,H08
263,B09,22,H09
263,H01,22,H10
264,E06,22,H11
265,E06,22,H12
265,F11,23,A01
266,H10,23,A02
267,G01,23,A03
268,E09,23,A04
269,G01,23,A05
271,A02,23,A06
272,C03,23,A07
273,H05,23,A08
274,F12,23,A09
275,C05,23,A10
275,H11,23,A11
276,E01,23,A12
265,F05,23,B01
266,H02,23,B02
267,G09,23,B03
268,F03,23,B04
269,H06,23,B05
271,A04,23,B06
272,C05,23,B07
273,H06,23,B08
274,G05,23,B09
275,E07,23,B10
276,F06,23,B12
265,H04,23,C01
266,H09,23,C02
267,H04,23,C03
268,F05,23,C04
270,A11,23,C05
271,A08,23,C06
272,D02,23,C07
274,A01,23,C08
274,G08,23,C09
275,F01,23,C10
275,H04,23,C11
277,C05,23,C12
266,C05,23,D01
267,A05,23,D02
267,H08,23,D03
268,G03,23,D04
270,A08,23,D05
271,B07,23,D06
272,F07,23,D07
274,A04,23,D08
274,H01,23,D09
275,F11,23,D10
275,H05,23,D11
277,C07,23,D12
266,E10,23,E01
267,C11,23,E02
267,H09,23,E03
268,G07,23,E04
270,C08,23,E05
271,D09,23,E06
273,B01,23,E07
274,B01,23,E08
274,H10,23,E09
275,F06,23,E10
275,H08,23,E11
277,D10,23,E12
266,E12,23,F01
267,C09,23,F02
268,B05,23,F03
269,A04,23,F04
270,G07,23,F05
271,E05,23,F06
273,B05,23,F07
274,C02,23,F08
275,A02,23,F09
275,F07,23,F10
276,A05,23,F11
277,E12,23,F12
266,E06,23,G01
267,D01,23,G02
268,D01,23,G03
269,B10,23,G04
270,H02,23,G05
271,H02,23,G06
273,D08,23,G07
274,E08,23,G08
275,B06,23,G09
275,G04,23,G10
276,B10,23,G11
277,E02,23,G12
266,E08,23,H01
267,E10,23,H02
268,D09,23,H03
269,F10,23,H04
270,H09,23,H05
272,A09,23,H06
273,F10,23,H07
274,F10,23,H08
275,B09,23,H09
275,G07,23,H10
276,C05,23,H11
277,F10,23,H12
277,F07,24,A01
278,F10,24,A02
279,E06,24,A03
280,G01,24,A04
281,D01,24,A05
282,D01,24,A06
282,H02,24,A07
284,B08,24,A08
284,G06,24,A09
286,E04,24,A10
287,E01,24,A11
288,F04,24,A12
277,H01,24,B01
278,G12,24,B02
279,G05,24,B03
280,H06,24,B04
281,D02,24,B05
282,D12,24,B06
283,A03,24,B07
284,C08,24,B08
284,H09,24,B09
286,F02,24,B10
287,E10,24,B11
277,H06,24,C01
278,G04,24,C02
280,A09,24,C03
280,H09,24,C04
281,E08,24,C05
282,E05,24,C06
283,A05,24,C07
284,D10,24,C08
285,C11,24,C09
286,F05,24,C10
287,E11,24,C11
289,A01,24,C12
278,A12,24,D01
279,B05,24,D02
280,C06,24,D03
281,A03,24,D04
281,F04,24,D05
282,F03,24,D06
283,B06,24,D07
284,D11,24,D08
285,E07,24,D09
287,A06,24,D10
287,F12,24,D11
289,A03,24,D12
278,B08,24,E01
279,C02,24,E02
280,D10,24,E03
281,B01,24,E04
281,G07,24,E05
282,F04,24,E06
283,C03,24,E07
284,D08,24,E08
285,G05,24,E09
287,B10,24,E10
288,A01,24,E11
289,B08,24,E12
278,D01,24,F01
279,C04,24,F02
280,D05,24,F03
281,B02,24,F04
281,H05,24,F05
282,F05,24,F06
283,D11,24,F07
284,E04,24,F08
285,H05,24,F09
287,B08,24,F10
288,C01,24,F11
289,C03,24,F12
278,D08,24,G01
279,D01,24,G02
280,D09,24,G03
281,B08,24,G04
282,A08,24,G05
282,G04,24,G06
284,A03,24,G07
284,F01,24,G08
286,A12,24,G09
287,C02,24,G10
288,C11,24,G11
289,C06,24,G12
278,E02,24,H01
279,E11,24,H02
280,F07,24,H03
281,C04,24,H04
282,C12,24,H05
282,H10,24,H06
284,B01,24,H07
284,F03,24,H08
286,A05,24,H09
287,D04,24,H10
288,E02,24,H11
289,G12,24,H12
289,H11,25,A01
291,C07,25,A02
292,B06,25,A03
292,G06,25,A04
293,G03,25,A05
294,E08,25,A06
295,D08,25,A07
296,F03,25,A08
297,E03,25,A09
298,E02,25,A10
298,G05,25,A11
299,E08,25,A12
290,A07,25,B01
291,C08,25,B02
292,C03,25,B03
293,A04,25,B04
293,H08,25,B05
294,F07,25,B06
295,E11,25,B07
296,F07,25,B08
297,F03,25,B09
298,E07,25,B10
298,H12,25,B11
299,F11,25,B12
291,C09,25,C02
292,C05,25,C03
293,B05,25,C04
294,A09,25,C05
294,H06,25,C06
295,E05,25,C07
296,H07,25,C08
297,H08,25,C09
298,F10,25,C10
298,H04,25,C11
300,A01,25,C12
290,D10,25,D01
291,E12,25,D02
292,D12,25,D03
293,C02,25,D04
294,C02,25,D05
295,A12,25,D06
296,A06,25,D07
297,A09,25,D08
297,H09,25,D09
298,F11,25,D10
298,H09,25,D11
300,A02,25,D12
290,E07,25,E01
291,E03,25,E02
292,D05,25,E03
293,C04,25,E04
294,D03,25,E05
295,A02,25,E06
296,B06,25,E07
297,B11,25,E08
298,A10,25,E09
298,F02,25,E10
299,A10,25,E11
300,A07,25,E12
290,G05,25,F01
291,G09,25,F02
292,E05,25,F03
293,D11,25,F04
294,D09,25,F05
295,B11,25,F06
296,C12,25,F07
297,B09,25,F08
298,E10,25,F09
298,F04,25,F10
299,C03,25,F11
300,B09,25,F12
291,C11,25,G01
292,A03,25,G02
292,E09,25,G03
293,F08,25,G04
294,E01,25,G05
295,C04,25,G06
296,C05,25,G07
297,C03,25,G08
298,E11,25,G09
298,F09,25,G10
299,C06,25,G11
300,C03,25,G12
291,C06,25,H01
292,B11,25,H02
292,F03,25,H03
293,F09,25,H04
294,E07,25,H05
295,C06,25,H06
296,E09,25,H07
297,D08,25,H08
298,E12,25,H09
298,G11,25,H10
299,E12,25,H11
300,C09,25,H12
306,E07,26,H09
300,D10,26,A01
301,A01,26,A02
301,F05,26,A03
302,C02,26,A04
302,G12,26,A05
303,D01,26,A06
303,G07,26,A07
304,G11,26,A08
305,F06,26,A09
306,F11,26,A10
307,C01,26,A11
308,F06,26,A12
300,D02,26,B01
301,B01,26,B02
301,G03,26,B03
302,C06,26,B04
302,G07,26,B05
303,E01,26,B06
303,H11,26,B07
304,G02,26,B08
305,G04,26,B09
306,F12,26,B10
307,D11,26,B11
308,G10,26,B12
300,E11,26,C01
302,A10,26,C03
302,D10,26,C04
302,H10,26,C05
303,E03,26,C06
304,B08,26,C07
304,H11,26,C08
305,G07,26,C09
306,F05,26,C10
307,D04,26,C11
308,G12,26,C12
300,E03,26,D01
301,B05,26,D02
302,B10,26,D03
302,D11,26,D04
302,H06,26,D05
303,E08,26,D06
304,C01,26,D07
304,H07,26,D08
305,H10,26,D09
306,G04,26,D10
307,G03,26,D11
308,G02,26,D12
300,E09,26,E01
301,C12,26,E02
302,B06,26,E03
302,D02,26,E04
303,A01,26,E05
303,F11,26,E06
304,C06,26,E07
305,C07,26,E08
306,A03,26,E09
306,G05,26,E10
307,G08,26,E11
308,G03,26,E12
300,F08,26,F01
301,C03,26,F02
302,B08,26,F03
302,E10,26,F04
303,B08,26,F05
303,G01,26,F06
304,C07,26,F07
305,D05,26,F08
306,D10,26,F09
306,G08,26,F10
308,B10,26,F11
308,H07,26,F12
300,G04,26,G01
301,D09,26,G02
302,C01,26,G03
302,F04,26,G04
303,B09,26,G05
303,G05,26,G06
304,D11,26,G07
305,E05,26,G08
306,E02,26,G09
306,H06,26,G10
308,C07,26,G11
308,H08,26,G12
300,H05,26,H01
301,E04,26,H02
302,C11,26,H03
302,G11,26,H04
303,C11,26,H05
303,G06,26,H06
304,E06,26,H07
305,E09,26,H08
307,B12,26,H10
308,E10,26,H11
308,H09,26,H12
309,A02,27,A01
310,G10,27,A02
311,C09,27,A03
312,D01,27,A04
312,H02,27,A05
314,C11,27,A06
315,A06,27,A07
315,E12,27,A08
317,D08,27,A09
319,D05,27,A10
320,F08,27,A11
321,D09,27,A12
309,B08,27,B01
310,G09,27,B02
311,E06,27,B03
312,D02,27,B04
313,A01,27,B05
314,D05,27,B06
315,A09,27,B07
315,H08,27,B08
317,G12,27,B09
319,G12,27,B10
320,G10,27,B11
321,F06,27,B12
309,D11,27,C01
310,H09,27,C02
312,D05,27,C04
313,A11,27,C05
314,E02,27,C06
315,B07,27,C07
316,A03,27,C08
319,G02,27,C10
320,H02,27,C11
322,A05,27,C12
310,A08,27,D01
311,A04,27,D02
311,E08,27,D03
312,E02,27,D04
313,E02,27,D05
314,F12,27,D06
315,B08,27,D07
316,B11,27,D08
318,D11,27,D09
319,H12,27,D10
320,H09,27,D11
322,D02,27,D12
310,C10,27,E01
311,B07,27,E02
311,F03,27,E03
312,E04,27,E04
313,F07,27,E05
314,F06,27,E06
315,C08,27,E07
316,E03,27,E08
318,F12,27,E09
320,A04,27,E10
321,A03,27,E11
322,H02,27,E12
310,D11,27,F01
311,B08,27,F02
312,A02,27,F03
312,F11,27,F04
313,H02,27,F05
314,F08,27,F06
315,D10,27,F07
316,E04,27,F08
318,G10,27,F09
320,E09,27,F10
321,B10,27,F11
323,A05,27,F12
310,E01,27,G01
311,C10,27,G02
312,A03,27,G03
312,F07,27,G04
313,H08,27,G05
314,G07,27,G06
315,D02,27,G07
316,H02,27,G08
318,H01,27,G09
320,F04,27,G10
321,B07,27,G11
323,C01,27,G12
310,F06,27,H01
311,C06,27,H02
312,B07,27,H03
312,G03,27,H04
314,B11,27,H05
315,A10,27,H06
315,D04,27,H07
316,H05,27,H08
319,C09,27,H09
320,F05,27,H10
321,B09,27,H11
323,C03,27,H12
323,C08,28,A01
324,E04,28,A02
326,F05,28,A03
327,D09,28,A04
328,C11,28,A05
330,A11,28,A06
330,H02,28,A07
331,G09,28,A08
332,H07,28,A09
334,A05,28,A10
335,B01,28,A11
336,C10,28,A12
323,D12,28,B01
324,E06,28,B02
326,G01,28,B03
327,E09,28,B04
328,D02,28,B05
330,C12,28,B06
331,A03,28,B07
331,H01,28,B08
333,B01,28,B09
334,B09,28,B10
335,B07,28,B11
336,D04,28,B12
323,H09,28,C01
324,G09,28,C02
326,G04,28,C03
328,D04,28,C05
330,C02,28,C06
331,D10,28,C07
332,C07,28,C08
333,C11,28,C09
334,C01,28,C10
335,C12,28,C11
336,G07,28,C12
324,A03,28,D01
325,B11,28,D02
326,G07,28,D03
327,F11,28,D04
328,E05,28,D05
330,C03,28,D06
331,E04,28,D07
332,D11,28,D08
333,D08,28,D09
334,D10,28,D10
335,C08,28,D11
336,H06,28,D12
324,B10,28,E01
325,E10,28,E02
326,H01,28,E03
327,G10,28,E04
328,F05,28,E05
330,C08,28,E06
331,E05,28,E07
332,D05,28,E08
333,F05,28,E09
334,D04,28,E10
335,E08,28,E11
337,A11,28,E12
324,C11,28,F01
325,F01,28,F02
327,A01,28,F03
327,G05,28,F04
328,F06,28,F05
330,D12,28,F06
331,F11,28,F07
332,F11,28,F08
333,G03,28,F09
334,G11,28,F10
335,H03,28,F11
337,B08,28,F12
324,D10,28,G01
326,B04,28,G02
327,A02,28,G03
327,H07,28,G04
330,E10,28,G06
331,F12,28,G07
332,F06,28,G08
333,H04,28,G09
334,H04,28,G10
336,B12,28,G11
337,C05,28,G12
324,D07,28,H01
326,C07,28,H02
327,B05,28,H03
328,B07,28,H04
330,A10,28,H05
330,H11,28,H06
331,G11,28,H07
332,H05,28,H08
333,H08,28,H09
334,H09,28,H10
336,B08,28,H11
337,C09,28,H12
337,D04,29,A01
338,A08,29,A02
338,E03,29,A03
339,B12,29,A04
340,F05,29,A05
341,D04,29,A06
342,B06,29,A07
343,C09,29,A08
344,C10,29,A09
344,G03,29,A10
345,H04,29,A11
347,C02,29,A12
337,E10,29,B01
338,A09,29,B02
338,G03,29,B03
339,C12,29,B04
340,H01,29,B05
341,E02,29,B06
342,C01,29,B07
343,D05,29,B08
344,D10,29,B09
344,G08,29,B10
346,B09,29,B11
347,E11,29,B12
337,E09,29,C01
338,B11,29,C02
338,G08,29,C03
339,C08,29,C04
341,E06,29,C06
342,D05,29,C07
343,E12,29,C08
344,D03,29,C09
344,H06,29,C10
346,C10,29,C11
347,E06,29,C12
337,G10,29,D01
338,B05,29,D02
338,H01,29,D03
339,E12,29,D04
341,B12,29,D05
341,F02,29,D06
342,E12,29,D07
343,E02,29,D08
344,D08,29,D09
344,H08,29,D10
346,D05,29,D11
347,G10,29,D12
337,H02,29,E01
338,D10,29,E02
338,H04,29,E03
339,G04,29,E04
341,C04,29,E05
341,G10,29,E06
342,E09,29,E07
343,F06,29,E08
344,D09,29,E09
345,A08,29,E10
346,E04,29,E11
347,G11,29,E12
338,A01,29,F01
338,D12,29,F02
338,H07,29,F03
339,H12,29,F04
341,C09,29,F05
341,H11,29,F06
342,H08,29,F07
343,G09,29,F08
344,E04,29,F09
345,E10,29,F10
346,G03,29,F11
347,G02,29,F12
338,A06,29,G01
338,D05,29,G02
339,A08,29,G03
340,A02,29,G04
341,D12,29,G05
342,A06,29,G06
343,B05,29,G07
344,B01,29,G08
344,F06,29,G09
345,G10,29,G10
346,H03,29,G11
347,G03,29,G12
338,A07,29,H01
338,E12,29,H02
339,A09,29,H03
340,C07,29,H04
341,D03,29,H05
342,A09,29,H06
343,C11,29,H07
344,B07,29,H08
344,F08,29,H09
345,G12,29,H10
347,B08,29,H11
347,G06,29,H12
351,G10,30,G05
348,A01,30,A01
348,F02,30,A02
349,C12,30,A03
350,D11,30,A04
351,B11,30,A05
352,B05,30,A06
353,D01,30,A07
354,D04,30,A08
355,B04,30,A09
356,B08,30,A10
357,F11,30,A11
358,H12,30,A12
348,A02,30,B01
348,F09,30,B02
349,F10,30,B03
350,D09,30,B04
351,B08,30,B05
352,C02,30,B06
353,E09,30,B07
354,E10,30,B08
355,D11,30,B09
356,B09,30,B10
357,F03,30,B11
359,A09,30,B12
348,A03,30,C01
348,G01,30,C02
349,G01,30,C03
350,E04,30,C04
351,D02,30,C05
353,F01,30,C07
354,E08,30,C08
355,D04,30,C09
356,E06,30,C10
357,G04,30,C11
348,A07,30,D01
348,G04,30,D02
349,H09,30,D03
350,F01,30,D04
351,D07,30,D05
352,D10,30,D06
353,G11,30,D07
354,E09,30,D08
355,F02,30,D09
356,G03,30,D10
358,A01,30,D11
359,B11,30,D12
348,B08,30,E01
348,G07,30,E02
350,A04,30,E03
350,F02,30,E04
351,E02,30,E05
352,D08,30,E06
353,G07,30,E07
354,F05,30,E08
355,F09,30,E09
357,A01,30,E10
358,A12,30,E11
359,B07,30,E12
348,B09,30,F01
348,H02,30,F02
350,C01,30,F03
350,H07,30,F04
351,F04,30,F05
352,G02,30,F06
354,A08,30,F07
354,G11,30,F08
355,H06,30,F09
357,C06,30,F10
358,C10,30,F11
359,C12,30,F12
348,D11,30,G01
349,A06,30,G02
350,C12,30,G03
351,A05,30,G04
353,A08,30,G06
354,B01,30,G07
355,A11,30,G08
356,A04,30,G09
357,D01,30,G10
358,E09,30,G11
359,C02,30,G12
348,D12,30,H01
349,C10,30,H02
350,C03,30,H03
351,B10,30,H04
351,G02,30,H05
353,C11,30,H06
354,C10,30,H07
355,A12,30,H08
356,A08,30,H09
357,E01,30,H10
358,H10,30,H11
359,D05,30,H12
359,E05,31,A01
360,B09,31,A02
361,A03,31,A03
362,D02,31,A04
363,C05,31,A05
364,E04,31,A06
365,F06,31,A07
366,C01,31,A08
367,C08,31,A09
368,E10,31,A10
369,D07,31,A11
370,H06,31,A12
359,E08,31,B01
360,C11,31,B02
361,B11,31,B03
362,D04,31,B04
363,F03,31,B05
365,B01,31,B06
365,G10,31,B07
366,D11,31,B08
367,F03,31,B09
368,E11,31,B10
369,E10,31,B11
371,C04,31,B12
359,G04,31,C01
360,E01,31,C02
361,B05,31,C03
362,E07,31,C04
363,F04,31,C05
365,C11,31,C06
366,D12,31,C08
367,G12,31,C09
368,F11,31,C10
369,F10,31,C11
371,C08,31,C12
359,G09,31,D01
360,F07,31,D02
361,C11,31,D03
362,F06,31,D04
363,H02,31,D05
365,C06,31,D06
365,H10,31,D07
366,G11,31,D08
367,H01,31,D09
368,G10,31,D10
369,H12,31,D11
371,E09,31,D12
359,H09,31,E01
360,G04,31,E02
361,C02,31,E03
362,H07,31,E04
363,H06,31,E05
365,C09,31,E06
365,H07,31,E07
366,H08,31,E08
367,H10,31,E09
368,G06,31,E10
370,B09,31,E11
371,H02,31,E12
360,B11,31,F01
360,G08,31,F02
361,C04,31,F03
363,A02,31,F04
364,A06,31,F05
365,D07,31,F06
366,A01,31,F07
367,A11,31,F08
367,H12,31,F09
368,G07,31,F10
370,E01,31,F11
371,H03,31,F12
360,B06,31,G01
360,H06,31,G02
361,D04,31,G03
363,B11,31,G04
364,B01,31,G05
365,E09,31,G06
366,A08,31,G07
367,A02,31,G08
368,D12,31,G09
369,A10,31,G10
370,E07,31,G11
372,A01,31,G12
360,B08,31,H01
361,A10,31,H02
361,E08,31,H03
363,C02,31,H04
364,C12,31,H05
365,F10,31,H06
366,B04,31,H07
367,B11,31,H08
368,D07,31,H09
369,B07,31,H10
370,F07,31,H11
372,A07,31,H12
372,A08,32,A01
372,G05,32,A02
374,E09,32,A03
375,E08,32,A04
376,F10,32,A05
377,C05,32,A06
377,F08,32,A07
379,A11,32,A08
379,G11,32,A09
381,D03,32,A10
382,A08,32,A11
382,G06,32,A12
372,C10,32,B01
372,G06,32,B02
374,F09,32,B03
375,G07,32,B04
376,F08,32,B05
377,C07,32,B06
378,A03,32,B07
379,C09,32,B08
379,G08,32,B09
381,D04,32,B10
382,B04,32,B11
382,H01,32,B12
372,C11,32,C01
372,H01,32,C02
374,G11,32,C03
376,A05,32,C04
376,G11,32,C05
377,C08,32,C06
378,A04,32,C07
379,H04,32,C09
381,F04,32,C10
382,B07,32,C11
382,H10,32,C12
372,D07,32,D01
373,B04,32,D02
375,A12,32,D03
376,C12,32,D04
376,G03,32,D05
377,D12,32,D06
378,B08,32,D07
379,D01,32,D08
380,D11,32,D09
381,F07,32,D10
382,C02,32,D11
382,H12,32,D12
372,E11,32,E01
373,C12,32,E02
375,C03,32,E03
376,C09,32,E04
376,G05,32,E05
377,D02,32,E06
378,F07,32,E07
379,E12,32,E08
380,D04,32,E09
381,F09,32,E10
382,E08,32,E11
382,H04,32,E12
372,E12,32,F01
373,C09,32,F02
375,D11,32,F03
376,D09,32,F04
376,G06,32,F05
377,E01,32,F06
378,G01,32,F07
379,E03,32,F08
380,E02,32,F09
381,G07,32,F10
382,E09,32,F11
383,A02,32,F12
372,E08,32,G01
373,D02,32,G02
375,D07,32,G03
376,E03,32,G04
377,B06,32,G05
377,E02,32,G06
378,G10,32,G07
379,E07,32,G08
380,G09,32,G09
381,G08,32,G10
382,F01,32,G11
383,A04,32,G12
372,E09,32,H01
374,A11,32,H02
375,D09,32,H03
376,E09,32,H04
377,B07,32,H05
377,E09,32,H06
378,G11,32,H07
379,E09,32,H08
381,A07,32,H09
381,H12,32,H10
382,G05,32,H11
383,B05,32,H12
384,H10,33,A03
385,D07,33,A04
386,A01,33,A05
386,G10,33,A06
387,F09,33,A07
384,H02,33,B03
385,E11,33,B04
386,A07,33,B05
386,G03,33,B06
387,H03,33,B07
384,A03,33,C02
385,A01,33,C03
385,E06,33,C04
386,B08,33,C05
386,H02,33,C06
384,D10,33,D02
385,A11,33,D03
385,F03,33,D04
386,C11,33,D05
387,A05,33,D06
384,D07,33,E02
385,A08,33,E03
385,F06,33,E04
386,D12,33,E05
387,B07,33,E06
384,F02,33,F02
385,C11,33,F03
385,F08,33,F04
386,E01,33,F05
387,C02,33,F06
384,F03,33,G02
385,C03,33,G03
385,G05,33,G04
386,E10,33,G05
387,F03,33,G06
384,F05,33,H02
385,D02,33,H03
385,H07,33,H04
386,E06,33,H05
387,F07,33,H06
395,C01,33,E11
383,C01,33,A01
383,G05,33,A02
388,F09,33,A08
389,D02,33,A09
393,C02,33,A10
394,C04,33,A11
395,E01,33,A12
383,D10,33,B01
383,H02,33,B02
388,G01,33,B08
389,E07,33,B09
393,C09,33,B10
394,G10,33,B11
395,G12,33,B12
383,E01,33,C01
388,A09,33,C07
388,G03,33,C08
393,D05,33,C10
395,A04,33,C11
395,G02,33,C12
383,E03,33,D01
388,C11,33,D07
388,H01,33,D08
389,F01,33,D09
393,E12,33,D10
395,B09,33,D11
395,H01,33,D12
383,E07,33,E01
388,C12,33,E07
388,H11,33,E08
389,F10,33,E09
393,E09,33,E10
395,H11,33,E12
383,F10,33,F01
388,C04,33,F07
389,A01,33,F08
389,H01,33,F09
393,H02,33,F10
395,C11,33,F11
395,H12,33,F12
383,F02,33,G01
388,D03,33,G07
389,C03,33,G08
389,H07,33,G09
394,A11,33,G10
395,D01,33,G11
395,H09,33,G12
383,G10,33,H01
389,C08,33,H08
389,H09,33,H09
394,A05,33,H10
395,D04,33,H11
396,A10,33,H12
396,A11,34,A01
396,H03,34,A02
397,D02,34,A03
398,H08,34,A04
399,H12,34,A05
401,E12,34,A06
402,E01,34,A07
403,G11,34,A08
405,A06,34,A09
405,H02,34,A10
406,G02,34,A11
407,G02,34,A12
396,A04,34,B01
396,H04,34,B02
397,F12,34,B03
399,A08,34,B04
399,H04,34,B05
401,E02,34,B06
402,E02,34,B07
404,D12,34,B08
405,B05,34,B09
405,H07,34,B10
406,H10,34,B11
407,H07,34,B12
396,B10,34,C01
396,H08,34,C02
397,G03,34,C03
399,B11,34,C04
400,D02,34,C05
401,F03,34,C06
402,F07,34,C07
404,F01,34,C08
405,C01,34,C09
406,H12,34,C11
408,A01,34,C12
396,B04,34,D01
397,A12,34,D02
398,A08,34,D03
399,C10,34,D04
400,F01,34,D05
401,F07,34,D06
403,A01,34,D07
404,F10,34,D08
405,C07,34,D09
406,C03,34,D10
407,A12,34,D11
408,B04,34,D12
396,E04,34,E01
397,A09,34,E02
398,B02,34,E03
399,D09,34,E04
400,F04,34,E05
401,H08,34,E06
403,C06,34,E07
404,F06,34,E08
405,D07,34,E09
406,D04,34,E10
407,A06,34,E11
408,B07,34,E12
396,G11,34,F01
397,B12,34,F02
398,E11,34,F03
399,E12,34,F04
400,H11,34,F05
402,A03,34,F06
403,D11,34,F07
404,G03,34,F08
405,F01,34,F09
406,E07,34,F10
407,B09,34,F11
408,C06,34,F12
396,G06,34,G01
397,C01,34,G02
398,E04,34,G03
399,G02,34,G04
400,H12,34,G05
402,C10,34,G06
403,D05,34,G07
404,H06,34,G08
405,F08,34,G09
406,E08,34,G10
407,E02,34,G11
408,D10,34,G12
396,H02,34,H01
397,C10,34,H02
398,H10,34,H03
399,H11,34,H04
401,C09,34,H05
402,D11,34,H06
403,E02,34,H07
405,A10,34,H08
405,G12,34,H09
406,G10,34,H10
407,G12,34,H11
408,D03,34,H12
101,B03,35,H11
10,C10,35,A11
101,B03,35,A12
10,C12,35,B11
102,B08,35,B12
1,A01,35,C10
103,A01,35,C12
1,D02,35,D10
10,C02,35,D11
103,G06,35,D12
1,B03,35,E10
10,E08,35,E11
105,G02,35,E12
1,A07,35,F10
100,C03,35,F11
106,B03,35,F12
1,E07,35,G10
100,G04,35,G11
107,B03,35,G12
1,E08,35,H10
107,B03,35,H12
408,D04,35,A01
409,F10,35,A02
410,F11,35,A03
412,A01,35,A04
413,D05,35,A05
414,C12,35,A06
415,C05,35,A07
416,A10,35,A08
416,F12,35,A09
417,F09,35,A10
408,E10,35,B01
409,F04,35,B02
410,G11,35,B03
412,C11,35,B04
413,D08,35,B05
414,D04,35,B06
415,D10,35,B07
416,A11,35,B08
416,F03,35,B09
417,G12,35,B10
408,E04,35,C01
409,F09,35,C02
411,C07,35,C03
412,C04,35,C04
413,D09,35,C05
414,D05,35,C06
415,D09,35,C07
416,C12,35,C08
416,F08,35,C09
408,G08,35,D01
409,G09,35,D02
411,D02,35,D03
412,C09,35,D04
413,E04,35,D05
414,F09,35,D06
415,E02,35,D07
416,C04,35,D08
416,G11,35,D09
409,A10,35,E01
410,A04,35,E02
411,E11,35,E03
412,G11,35,E04
413,H02,35,E05
415,A06,35,E06
415,E06,35,E07
416,C05,35,E08
417,C07,35,E09
409,C05,35,F01
410,B01,35,F02
411,G03,35,F03
413,A12,35,F04
413,H04,35,F05
415,A07,35,F06
415,F02,35,F07
416,D10,35,F08
417,D05,35,F09
409,D12,35,G01
410,D11,35,G02
411,G04,35,G03
413,C11,35,G04
413,H06,35,G05
415,B05,35,G06
415,F04,35,G07
416,E01,35,G08
417,E12,35,G09
409,E12,35,H01
410,E10,35,H02
411,G05,35,H03
413,C07,35,H04
414,C10,35,H05
415,C04,35,H06
415,H06,35,H07
416,E03,35,H08
417,E08,35,H09
108,H11,36,A01
113,H06,36,A03
118,B03,36,A04
122,E01,36,A05
108,B03,36,B01
111,B03,36,B02
114,G01,36,B03
118,D05,36,B04
122,B03,36,B05
11,G02,36,C01
111,B03,36,C02
119,A02,36,C04
123,A07,36,C05
11,D05,36,D01
116,A05,36,D03
119,A05,36,D04
124,F11,36,D05
11,F05,36,E01
111,H06,36,E02
116,G08,36,E03
12,D05,36,E04
124,F11,36,E05
11,C09,36,F01
112,G10,36,F02
116,H08,36,F03
12,G06,36,F04
124,F07,36,F05
110,B03,36,G01
112,G04,36,G02
117,F01,36,G03
12,H07,36,G04
125,B01,36,G05
110,B03,36,H01
113,E10,36,H02
117,B03,36,H03
121,F01,36,H04
126,A10,36,H05
141,F10,36,B10
111,G01,36,A02
115,B03,36,C03
128,A03,36,C06
111,H05,36,D02
128,A01,36,A06
13,D07,36,A07
134,G05,36,A08
138,E09,36,A09
140,F09,36,A10
144,E03,36,A11
146,B03,36,A12
128,F01,36,B06
130,E03,36,B07
136,B03,36,B08
139,D05,36,B09
144,D04,36,B11
146,H08,36,B12
130,E04,36,C07
137,C10,36,C08
139,F06,36,C09
141,F02,36,C10
144,C09,36,C11
128,B03,36,D06
137,F12,36,D08
139,E07,36,D09
142,G06,36,D10
145,H03,36,D11
148,E07,36,D12
129,A05,36,E06
133,B03,36,E07
138,E10,36,E08
14,D12,36,E09
143,D01,36,E10
145,B04,36,E11
149,H11,36,E12
13,C02,36,F06
134,A10,36,F07
138,F10,36,F08
14,B03,36,F09
143,D04,36,F10
145,H06,36,F11
149,B03,36,F12
13,B03,36,G06
134,E11,36,G07
138,B03,36,G08
14,B03,36,G09
143,H09,36,G10
145,F09,36,G11
149,H03,36,G12
13,C07,36,H06
134,H04,36,H07
138,A07,36,H08
14,C04,36,H09
144,B03,36,H10
146,H11,36,H11
149,B09,36,H12
151,H03,37,B02
157,E07,37,A05
151,H03,37,C02
151,H03,37,D02
160,B05,37,C06
175,G02,37,D11
178,C11,37,E12
15,B11,37,A01
151,F12,37,A02
152,D08,37,A03
154,D08,37,A04
159,B03,37,A06
162,A11,37,A07
165,B03,37,A08
169,F11,37,A09
171,A02,37,A10
173,B03,37,A11
176,A06,37,A12
15,F02,37,B01
152,G09,37,B03
154,A09,37,B04
157,E07,37,B05
160,B03,37,B06
162,G02,37,B07
165,H03,37,B08
169,B03,37,B09
171,B02,37,B10
174,F03,37,B11
176,A08,37,B12
15,D03,37,C01
153,D04,37,C03
155,F10,37,C04
158,E12,37,C05
163,B10,37,C07
165,F08,37,C08
169,H08,37,C09
171,H03,37,C10
175,G11,37,C11
177,A01,37,C12
153,A08,37,D03
155,H11,37,D04
160,G06,37,D06
163,C02,37,D07
166,H10,37,D08
17,A11,37,D09
171,G04,37,D10
177,A03,37,D12
15,E05,37,E01
151,E05,37,E02
154,E12,37,E03
155,B03,37,E04
158,F05,37,E05
160,C08,37,E06
163,B05,37,E07
166,E07,37,E08
17,E03,37,E09
171,C08,37,E10
15,B06,37,F01
152,A01,37,F02
154,A02,37,F03
155,B08,37,F04
159,A01,37,F05
161,F05,37,F06
164,G12,37,F07
167,F12,37,F08
17,H07,37,F09
172,D11,37,F10
175,F08,37,F11
179,F01,37,F12
150,A11,37,G01
152,H11,37,G02
154,C04,37,G03
155,A09,37,G04
159,H01,37,G05
161,E09,37,G06
165,F01,37,G07
168,C07,37,G08
170,D11,37,G09
172,H07,37,G10
176,C11,37,G11
179,A03,37,G12
150,B03,37,H01
152,F02,37,H02
154,G05,37,H03
156,C08,37,H04
159,A02,37,H05
162,F01,37,H06
165,A02,37,H07
169,H10,37,H08
170,E11,37,H09
173,F12,37,H10
176,B03,37,H11
179,B03,37,H12
183,D04,38,F02
179,G06,38,A01
181,F12,38,A02
184,C06,38,A03
187,A02,38,A04
19,H08,38,A05
192,A10,38,A06
193,C12,38,A07
196,G12,38,A08
199,D12,38,A09
2,B08,38,A10
201,H09,38,A11
205,F05,38,A12
179,E07,38,B01
181,B03,38,B02
185,A03,38,B03
187,E06,38,B04
192,H10,38,B06
194,A11,38,B07
197,F10,38,B08
199,G07,38,B09
20,H12,38,B10
202,H02,38,B11
206,G12,38,B12
179,G08,38,C01
182,A12,38,C02
186,A11,38,C03
188,A01,38,C04
190,A11,38,C05
192,A11,38,C06
194,F11,38,C07
197,A12,38,C08
2,C11,38,C09
200,A10,38,C10
202,H03,38,C11
206,B03,38,C12
179,G09,38,D01
186,D02,38,D03
188,F12,38,D04
190,E11,38,D05
192,A03,38,D06
194,A02,38,D07
197,H12,38,D08
2,D02,38,D09
200,D05,38,D10
203,H02,38,D11
206,C03,38,D12
18,G02,38,E01
182,F03,38,E02
186,G03,38,E03
188,E06,38,E04
190,B03,38,E05
192,F03,38,E06
194,B03,38,E07
197,A04,38,E08
2,H02,38,E09
200,C07,38,E10
203,H06,38,E11
206,C06,38,E12
180,G12,38,F01
186,A08,38,F03
189,A04,38,F04
190,G07,38,F05
192,E04,38,F06
194,A04,38,F07
198,B04,38,F08
2,B03,38,F09
200,A09,38,F10
203,D07,38,F11
206,F07,38,F12
180,B03,38,G01
184,D02,38,G02
186,G08,38,G03
19,H02,38,G04
191,B03,38,G05
192,F05,38,G06
195,B03,38,G07
198,A07,38,G08
2,E05,38,G09
201,C10,38,G10
204,A06,38,G11
207,B11,38,G12
181,E10,38,H01
184,B03,38,H02
187,F12,38,H03
19,D03,38,H04
191,H05,38,H05
192,C06,38,H06
195,E07,38,H07
199,A10,38,H08
2,E07,38,H09
201,G03,38,H10
205,D12,38,H11
207,B03,38,H12
214,A03,39,A03
236,H01,39,G10
21,H08,39,H01
24,G08,39,G12
207,E05,39,A01
21,H08,39,A02
216,D03,39,A04
219,F10,39,A05
220,D09,39,A06
223,F11,39,A07
227,H05,39,A08
229,C05,39,A09
233,B03,39,A10
236,B03,39,A11
239,C01,39,A12
207,D09,39,B01
210,B03,39,B02
214,B03,39,B03
216,F03,39,B04
219,C04,39,B05
221,A10,39,B06
223,A03,39,B07
227,G07,39,B08
230,E03,39,B09
233,G05,39,B10
237,F01,39,B11
239,A11,39,B12
208,G10,39,C01
211,B06,39,C02
214,B03,39,C03
217,F05,39,C04
219,E07,39,C05
221,B03,39,C06
223,A04,39,C07
228,A10,39,C08
230,H03,39,C09
234,A03,39,C10
237,B03,39,C11
239,G12,39,C12
208,H12,39,D01
211,A07,39,D02
217,H07,39,D04
22,G11,39,D05
221,A04,39,D06
224,F10,39,D07
228,A03,39,D08
230,D04,39,D09
234,E08,39,D10
237,B03,39,D11
239,B03,39,D12
209,G03,39,E01
213,A03,39,E02
215,C02,39,E03
218,F02,39,E04
220,F03,39,E05
221,D05,39,E06
224,A03,39,E07
228,E04,39,E08
230,E05,39,E09
235,E01,39,E10
237,D03,39,E11
24,B03,39,E12
209,A09,39,F01
213,F04,39,F02
215,B03,39,F03
218,B08,39,F04
220,F03,39,F05
222,A11,39,F06
224,B03,39,F07
228,C07,39,F08
232,F02,39,F09
235,H03,39,F10
237,F03,39,F11
24,F03,39,F12
21,A01,39,G01
213,F07,39,G02
216,C10,39,G03
218,F09,39,G04
220,G03,39,G05
222,A12,39,G06
225,C03,39,G07
229,D10,39,G08
232,B03,39,G09
237,C06,39,G11
214,D10,39,H02
216,A12,39,H03
219,A10,39,H04
220,D04,39,H05
222,B03,39,H06
227,B12,39,H07
229,C02,39,H08
232,E07,39,H09
236,H01,39,H10
238,E12,39,H11
240,B01,39,H12
257,E08,40,B08
250,D08,40,E05
265,B07,40,F10
240,A10,40,A01
244,C02,40,A02
246,E06,40,A03
248,B03,40,A04
250,A03,40,A05
251,D03,40,A06
254,B03,40,A07
257,E01,40,A08
26,G03,40,A09
263,E10,40,A10
266,D10,40,A11
27,B09,40,A12
240,H12,40,B01
244,H02,40,B02
247,G10,40,B03
249,B05,40,B04
250,C05,40,B05
251,G09,40,B06
254,D05,40,B07
26,H09,40,B09
263,F11,40,B10
266,A04,40,B11
270,B01,40,B12
240,C02,40,C01
244,F04,40,C02
247,B03,40,C03
249,F05,40,C04
250,F05,40,C05
252,F04,40,C06
254,H07,40,C07
257,E08,40,C08
260,A10,40,C09
263,B03,40,C10
267,D03,40,C11
270,G04,40,C12
240,D08,40,D01
244,D07,40,D02
247,G03,40,D03
250,B06,40,D05
253,G10,40,D06
255,G01,40,D07
258,F12,40,D08
261,D12,40,D09
263,G08,40,D10
268,D11,40,D11
270,A09,40,D12
242,E02,40,E01
245,F06,40,E02
247,D04,40,E03
249,G07,40,E04
253,E05,40,E06
255,C10,40,E07
258,A06,40,E08
261,G03,40,E09
264,A11,40,E10
269,B03,40,E11
271,H12,40,E12
242,A07,40,F01
246,A01,40,F02
247,A09,40,F03
25,G02,40,F04
250,D08,40,F05
253,E07,40,F06
255,G10,40,F07
259,F10,40,F08
262,G01,40,F09
269,C09,40,F11
271,G04,40,F12
243,G10,40,G01
246,C12,40,G02
247,H09,40,G03
25,B03,40,G04
250,F08,40,G05
253,G07,40,G06
255,F02,40,G07
259,H07,40,G08
262,B07,40,G09
265,B07,40,G10
27,H02,40,G11
272,E04,40,G12
243,H03,40,H01
246,B03,40,H02
248,G12,40,H03
25,H04,40,H04
251,F10,40,H05
254,C12,40,H06
256,C12,40,H07
26,G02,40,H08
262,F08,40,H09
266,A01,40,H10
27,H04,40,H11
272,B05,40,H12
304,B03,41,B11
279,C02,41,E02
273,G12,41,A01
277,C01,41,A02
280,B03,41,A03
283,G01,41,A04
287,E09,41,A05
29,F01,41,A06
290,C08,41,A07
296,A05,41,A08
3,A02,41,A09
300,D03,41,A10
303,A08,41,A11
309,A08,41,A12
274,C04,41,B01
277,G01,41,B02
280,G07,41,B03
283,H02,41,B04
287,G09,41,B05
29,D07,41,B06
292,F10,41,B07
297,F01,41,B08
3,F03,41,B09
300,G08,41,B10
310,C05,41,B12
274,F04,41,C01
278,A08,41,C02
281,A01,41,C03
283,E04,41,C04
288,H02,41,C05
29,A09,41,C06
292,G04,41,C07
297,G08,41,C08
301,D10,41,C10
304,B03,41,C11
311,A12,41,C12
274,H04,41,D01
279,H12,41,D02
281,F12,41,D03
285,B03,41,D04
290,E11,41,D06
293,G11,41,D07
297,F09,41,D08
3,C09,41,D09
301,E06,41,D10
304,C05,41,D11
311,D04,41,D12
274,F05,41,E01
281,B03,41,E03
285,G08,41,E04
288,B03,41,E05
290,G11,41,E06
293,H07,41,E07
298,E01,41,E08
30,H10,41,E09
301,D08,41,E10
305,E08,41,E11
311,F06,41,E12
275,C11,41,F01
280,C10,41,F02
281,B07,41,F03
286,F01,41,F04
288,A04,41,F05
290,A02,41,F06
295,B03,41,F07
299,E10,41,F08
30,C12,41,F09
302,F10,41,F10
306,C09,41,F11
312,E03,41,F12
276,D10,41,G01
280,F11,41,G02
282,F02,41,G03
286,F03,41,G04
289,H10,41,G05
290,B03,41,G06
296,E01,41,G07
299,G02,41,G08
30,C02,41,G09
302,B03,41,G10
306,E09,41,G11
312,G07,41,G12
276,H07,41,H01
280,E02,41,H02
282,G08,41,H03
287,G01,41,H04
289,B03,41,H05
290,G06,41,H06
296,B03,41,H07
299,A07,41,H08
30,D03,41,H09
303,C03,41,H10
309,D03,41,H11
313,E10,41,H12
32,E02,42,B03
344,D03,42,C10
313,G02,42,A01
316,B03,42,A02
319,A08,42,A03
322,E05,42,A04
325,A08,42,A05
329,E11,42,A06
330,E12,42,A07
334,B07,42,A08
340,F01,42,A09
343,B03,42,A10
346,E11,42,A11
349,B06,42,A12
313,B03,42,B01
316,C05,42,B02
322,C08,42,B04
326,A01,42,B05
329,C05,42,B06
331,A11,42,B07
337,G12,42,B08
340,F12,42,B09
344,G02,42,B10
346,H05,42,B11
349,D08,42,B12
313,C03,42,C01
316,G09,42,C02
320,H01,42,C03
323,B03,42,C04
326,A08,42,C05
329,G05,42,C06
331,C02,42,C07
337,A02,42,C08
340,A07,42,C09
347,D10,42,C11
35,B03,42,C12
313,F06,42,D01
316,H09,42,D02
321,D02,42,D03
323,C07,42,D04
326,F08,42,D05
332,F04,42,D07
337,H07,42,D08
341,C10,42,D09
345,D01,42,D10
347,C03,42,D11
35,D09,42,D12
313,B07,42,E01
318,H02,42,E02
321,F02,42,E03
323,H08,42,E04
327,B03,42,E05
329,E06,42,E06
332,H04,42,E07
337,A09,42,E08
341,B03,42,E09
345,H12,42,E10
347,C05,42,E11
350,A02,42,E12
315,B03,42,F01
318,A07,42,F02
321,G05,42,F03
324,H02,42,F04
328,A10,42,F05
33,C03,42,F06
333,F10,42,F07
338,F02,42,F08
342,G02,42,F09
345,F04,42,F10
348,G11,42,F11
350,B04,42,F12
315,H06,42,G01
319,B03,42,G02
322,G12,42,G03
325,G11,42,G04
328,C12,42,G05
33,H04,42,G06
333,E06,42,G07
338,E08,42,G08
342,G07,42,G09
345,C05,42,G10
348,F06,42,G11
351,E11,42,G12
319,E04,42,H02
322,B03,42,H03
325,G04,42,H04
328,B03,42,H05
330,D10,42,H06
334,D01,42,H07
34,G05,42,H08
343,H12,42,H09
346,D10,42,H10
349,H12,42,H11
351,H09,42,H12
359,B03,43,G02
352,B01,43,A01
355,D09,43,A02
36,E01,43,A03
361,B03,43,A04
367,G01,43,A05
371,E05,43,A06
375,H09,43,A07
379,E02,43,A08
382,H11,43,A09
386,A04,43,A10
389,G08,43,A11
394,F06,43,A12
352,C03,43,B01
356,D10,43,B02
36,C11,43,B03
361,C03,43,B04
367,B03,43,B05
372,E01,43,B06
376,B03,43,B07
379,G07,43,B08
383,A01,43,B09
387,C03,43,B10
39,A10,43,B11
394,C07,43,B12
352,F07,43,C01
357,A02,43,C02
36,H02,43,C03
362,A01,43,C04
368,E02,43,C05
372,E04,43,C06
376,D03,43,C07
379,F08,43,C08
383,G04,43,C09
387,B06,43,C10
393,E01,43,C11
394,A09,43,C12
353,G10,43,D01
36,D04,43,D03
362,A02,43,D04
368,B03,43,D05
373,B03,43,D06
38,G05,43,D08
383,E05,43,D09
388,E01,43,D10
394,C02,43,D11
394,D09,43,D12
353,B03,43,E01
357,D05,43,E02
360,A02,43,E03
362,C05,43,E04
37,F10,43,E05
374,C05,43,E06
38,A08,43,E08
385,C01,43,E09
388,B03,43,E10
394,D02,43,E11
394,D09,43,E12
354,D11,43,F01
358,G07,43,F02
360,C02,43,F03
366,F12,43,F04
37,G07,43,F05
375,C01,43,F06
378,F12,43,F07
380,F12,43,F08
385,B04,43,F09
388,F06,43,F10
394,H03,43,F11
394,F09,43,F12
354,A06,43,G01
360,D02,43,G03
367,C01,43,G04
37,F09,43,G05
375,G01,43,G06
378,G03,43,G07
380,F07,43,G08
385,C04,43,G09
389,D04,43,G10
394,F04,43,G11
395,B03,43,G12
355,H04,43,H01
359,B03,43,H02
360,F03,43,H03
367,D01,43,H04
370,C03,43,H05
375,E12,43,H06
378,A07,43,H07
382,A01,43,H08
386,B03,43,H09
389,G06,43,H10
394,E05,43,H11
357,F03,43,D02
396,H11,43,H12
55,E09,44,G12
4,B03,44,G02
44,H07,44,A10
41,B03,44,E07
46,C02,44,E10
396,B03,44,A01
399,G03,44,A02
4,A05,44,A03
400,G12,44,A04
404,B01,44,A05
406,F03,44,A06
408,C05,44,A07
413,G10,44,A08
416,C03,44,A09
49,A10,44,A11
52,H11,44,A12
396,B03,44,B01
399,A05,44,B02
4,A06,44,B03
401,E10,44,B04
404,H04,44,B05
406,H09,44,B06
408,H09,44,B07
413,B03,44,B08
417,G01,44,B09
44,F08,44,B10
49,A02,44,B11
52,B05,44,B12
396,E08,44,C01
399,E05,44,C02
4,D08,44,C03
401,C03,44,C04
405,B03,44,C05
407,B10,44,C06
409,H01,44,C07
413,E05,44,C08
417,H01,44,C09
45,B03,44,C10
49,B03,44,C11
53,A06,44,C12
398,A02,44,D01
399,G05,44,D02
4,E08,44,D03
401,D04,44,D04
405,C06,44,D05
407,F11,44,D06
409,F11,44,D07
42,G10,44,D09
46,C10,44,D10
49,E07,44,D11
53,D07,44,D12
398,D09,44,E01
4,H10,44,E02
4,G08,44,E03
402,A12,44,E04
405,H06,44,E05
407,C02,44,E06
413,G08,44,E08
43,B03,44,E09
5,F02,44,E11
55,C10,44,E12
399,A11,44,F01
4,C09,44,F03
402,G03,44,F04
406,G01,44,F05
408,C02,44,F06
410,H07,44,F07
414,F11,44,F08
43,D04,44,F09
47,B11,44,F10
55,C08,44,F12
399,E02,44,G01
4,B03,44,G02
402,H07,44,G04
406,C10,44,G05
408,G02,44,G06
412,C05,44,G07
414,F12,44,G08
44,G12,44,G09
48,D07,44,G10
5,C06,44,G11
399,E02,44,H01
4,D03,44,H02
400,F12,44,H03
403,D02,44,H04
406,B03,44,H05
408,B03,44,H06
413,F10,44,H07
415,C02,44,H08
44,G04,44,H09
49,E01,44,H10
50,C09,44,H11
55,E09,44,H12
91,G08,45,D12
80,D07,45,B08
7,B03,45,F05
88,H05,45,F10
56,F11,45,A01
60,C03,45,A02
64,A12,45,A03
65,G04,45,A04
69,C03,45,A05
70,G09,45,A06
75,D11,45,A07
80,A03,45,A08
85,B03,45,A09
87,C06,45,A10
89,C05,45,A11
90,F10,45,A12
57,D02,45,B01
60,H05,45,B02
64,F12,45,B03
66,E02,45,B04
7,A12,45,B05
71,F03,45,B06
75,H11,45,B07
85,E05,45,B09
88,B12,45,B10
9,A01,45,B11
91,G03,45,B12
57,E02,45,C01
61,C08,45,C02
64,A04,45,C03
67,F03,45,C04
7,C02,45,C05
71,H06,45,C06
75,E09,45,C07
81,C09,45,C08
86,C04,45,C09
88,H12,45,C10
9,B11,45,C11
91,H05,45,C12
57,A03,45,D01
61,F08,45,D02
64,G06,45,D03
67,H03,45,D04
7,D02,45,D05
72,A12,45,D06
76,F05,45,D07
82,G02,45,D08
88,B03,45,D10
9,B03,45,D11
58,G04,45,E01
63,H10,45,E02
64,C09,45,E03
68,F02,45,E04
7,A03,45,E05
72,E02,45,E06
77,A12,45,E07
82,G04,45,E08
86,A09,45,E09
88,G03,45,E10
9,G04,45,E11
91,G08,45,E12
59,A02,45,F01
63,F12,45,F02
65,C10,45,F03
68,H03,45,F04
73,H11,45,F06
77,A08,45,F07
83,D11,45,F08
87,B01,45,F09
9,H04,45,F11
92,H12,45,F12
59,G09,45,G01
63,C03,45,G02
65,B11,45,G03
69,A02,45,G04
7,B08,45,G05
73,H03,45,G06
78,F02,45,G07
83,C04,45,G08
87,H01,45,G09
88,C08,45,G10
9,E09,45,G11
92,C07,45,G12
6,G06,45,H01
64,E11,45,H02
65,F03,45,H03
69,B03,45,H04
70,H02,45,H05
74,H03,45,H06
8,D04,45,H07
84,D02,45,H08
87,C03,45,H09
89,H04,45,H10
90,A10,45,H11
92,E07,45,H12
97,G03,46,B02
Blank,C01,46,C03
316,G10,46,D03
5,E04,46,E03
97,G02,46,A02
93,C04,46,A01
99,G03,46,A03
93,C05,46,B01
99,E08,46,B03
93,H08,46,C01
97,G03,46,C02
94,B07,46,D01
97,C04,46,D02
316,G10,46,D03
96,F06,46,E01
98,G02,46,E02
5,E04,46,E03
97,C01,46,F01
99,G11,46,F02
66,E06,46,F03
97,E01,46,G01
99,A12,46,G02
97,H12,46,H01
99,D02,46,H02